month,language,push_events,unique_actors
2011-01-01,C,13681.208698307177,2408
2011-01-01,C#,2894.425017033318,490
2011-01-01,C++,11777.253132374728,1671
2011-01-01,Dart,5.425922227125484,19
2011-01-01,Go,713.8092236449469,124
2011-01-01,Haskell,2215.5956223122625,251
2011-01-01,Java,13569.932574491131,1537
2011-01-01,JavaScript,20919.38565364256,3863
2011-01-01,Julia,0.7971834118248161,16
2011-01-01,Kotlin,78.10131192177319,40
2011-01-01,Lua,480.7792515549148,266
2011-01-01,Objective-C,2372.4105976091087,840
2011-01-01,PHP,13254.40942652876,1545
2011-01-01,Perl,2107.254910198751,1259
2011-01-01,Python,20514.568828806063,3121
2011-01-01,R,59.81261931835364,195
2011-01-01,Ruby,26157.86519366351,3251
2011-01-01,Rust,396.16435264421926,68
2011-01-01,Scala,1766.035274572395,217
2011-01-01,Swift,26.67583031456684,27
2011-01-01,TypeScript,208.94320126236184,71
2011-04-01,C,24924.392703527,3670
2011-04-01,C#,6068.589164639601,711
2011-04-01,C++,25548.909239595218,2636
2011-04-01,Dart,4.238948828325054,21
2011-04-01,Go,2010.005655602846,189
2011-04-01,Haskell,3868.348270745541,400
2011-04-01,Java,30162.819066096305,2369
2011-04-01,JavaScript,41017.23446625262,6073
2011-04-01,Julia,1.5670573896923423,16
2011-04-01,Kotlin,121.91580241760644,49
2011-04-01,Lua,1092.1989976648083,370
2011-04-01,Objective-C,4748.818686123278,1356
2011-04-01,PHP,24492.522695090367,2419
2011-04-01,Perl,4264.991855201392,1917
2011-04-01,Python,41771.40199545452,4686
2011-04-01,R,155.44708358394337,237
2011-04-01,Ruby,51180.20559594742,4935
2011-04-01,Rust,899.067043717312,124
2011-04-01,Scala,3443.255350058608,326
2011-04-01,Swift,70.90844846613311,54
2011-04-01,TypeScript,646.4895792854932,115
2011-07-01,C,26435.38580416744,4062
2011-07-01,C#,7715.488886934787,832
2011-07-01,C++,26261.99322961204,2972
2011-07-01,Dart,18.600977436070256,13
2011-07-01,Go,2103.7209151918846,197
2011-07-01,Haskell,4924.135615176268,418
2011-07-01,Java,32023.144131966288,2699
2011-07-01,JavaScript,49108.0549797788,7041
2011-07-01,Julia,1.3107179646044191,11
2011-07-01,Kotlin,263.18250657011623,45
2011-07-01,Lua,1412.59468470219,387
2011-07-01,Objective-C,5901.046454813237,1537
2011-07-01,PHP,30004.99842529836,2768
2011-07-01,Perl,4608.802958224072,2128
2011-07-01,Python,50535.536919429134,5466
2011-07-01,R,292.2981963616244,235
2011-07-01,Ruby,55195.137063520575,5409
2011-07-01,Rust,1200.1529290681358,193
2011-07-01,Scala,3776.886140149831,350
2011-07-01,Swift,91.44728529314337,53
2011-07-01,TypeScript,843.084111867993,139
2011-10-01,C,29862.88980898189,4636
2011-10-01,C#,7967.666544162364,945
2011-10-01,C++,29515.790753826568,3400
2011-10-01,Dart,20.41388773239448,22
2011-10-01,Go,2624.598570105815,250
2011-10-01,Haskell,5265.074168966831,464
2011-10-01,Java,34951.73934232112,3168
2011-10-01,JavaScript,56344.28323369878,8198
2011-10-01,Julia,0.8074378309441828,19
2011-10-01,Kotlin,291.6362768940735,57
2011-10-01,Lua,1518.7753029264118,453
2011-10-01,Objective-C,6082.533486198883,1854
2011-10-01,PHP,36333.678422253695,3268
2011-10-01,Perl,5105.50379451752,2527
2011-10-01,Python,52125.61067112739,6253
2011-10-01,R,260.2414950641286,284
2011-10-01,Ruby,53569.957953036224,5733
2011-10-01,Rust,913.1965844517944,196
2011-10-01,Scala,4051.7771404298655,401
2011-10-01,Swift,83.90334953509847,63
2011-10-01,TypeScript,821.8955015395678,200
2012-01-01,C,29527.259672385255,4733
2012-01-01,C#,7897.268281611434,987
2012-01-01,C++,31228.60923284877,3607
2012-01-01,Dart,46.89033444821907,18
2012-01-01,Go,2690.8540843249857,299
2012-01-01,Haskell,5665.308712624808,488
2012-01-01,Java,44908.04017316789,3544
2012-01-01,JavaScript,61325.68237390064,8992
2012-01-01,Julia,2.591247642099897,18
2012-01-01,Kotlin,302.06346266548013,69
2012-01-01,Lua,1868.0947416433617,491
2012-01-01,Objective-C,7547.773150351114,1924
2012-01-01,PHP,39225.3804251284,3503
2012-01-01,Perl,4192.5785953346685,2551
2012-01-01,Python,59875.32053550964,6600
2012-01-01,R,232.8649417886116,284
2012-01-01,Ruby,56333.3237994776,6068
2012-01-01,Rust,369.5920016295162,119
2012-01-01,Scala,4939.17668894806,444
2012-01-01,Swift,132.53236443617658,79
2012-01-01,TypeScript,1433.434535330228,200
2012-04-01,C,9970.02421822015,0
2012-04-01,C#,3154.901198035217,0
2012-04-01,C++,14520.321936213197,0
2012-04-01,Dart,29.58790849380545,0
2012-04-01,Go,421.7094400276324,0
2012-04-01,Haskell,1243.7231900299023,0
2012-04-01,Java,24847.375116796127,0
2012-04-01,JavaScript,33883.93049806474,0
2012-04-01,Julia,0.6297076255690983,0
2012-04-01,Kotlin,95.0464185039393,0
2012-04-01,Lua,617.7941057901709,0
2012-04-01,Objective-C,2449.191366298805,0
2012-04-01,PHP,22239.104085446183,0
2012-04-01,Perl,1994.5193202583791,0
2012-04-01,Python,31458.73811677165,0
2012-04-01,R,48.48007162168298,0
2012-04-01,Ruby,28534.740155880718,0
2012-04-01,Rust,21.517776036465595,0
2012-04-01,Scala,2845.143215451953,0
2012-04-01,Swift,19.918583028327348,0
2012-04-01,TypeScript,868.2625779047767,0
2012-07-01,C,10685.487415803404,0
2012-07-01,C#,3849.263160090266,0
2012-07-01,C++,16598.538800378417,0
2012-07-01,Dart,18.85953907722437,0
2012-07-01,Go,916.9369782177267,0
2012-07-01,Haskell,1280.9264339890942,0
2012-07-01,Java,29262.27655135856,0
2012-07-01,JavaScript,41229.48832054902,0
2012-07-01,Julia,0.4949199420856813,0
2012-07-01,Kotlin,224.7695277338485,0
2012-07-01,Lua,1008.1466788548184,0
2012-07-01,Objective-C,2629.8708851981805,0
2012-07-01,PHP,26846.895554180013,0
2012-07-01,Perl,2071.094435583734,0
2012-07-01,Python,39077.65567626791,0
2012-07-01,R,59.51852791343876,0
2012-07-01,Ruby,30854.708596379616,0
2012-07-01,Rust,90.57692260407211,0
2012-07-01,Scala,2998.079251010482,0
2012-07-01,Swift,53.85002305736144,0
2012-07-01,TypeScript,760.6466159346759,0
2012-10-01,C,14493.837041296683,0
2012-10-01,C#,3566.089796360175,0
2012-10-01,C++,16236.247396624236,0
2012-10-01,Dart,98.38612080012264,0
2012-10-01,Go,1583.5070971451332,0
2012-10-01,Haskell,1383.8542370646612,0
2012-10-01,Java,37389.51708697072,0
2012-10-01,JavaScript,44575.67645541068,0
2012-10-01,Julia,17.289697426202913,0
2012-10-01,Kotlin,404.42857180381486,0
2012-10-01,Lua,686.9336140179362,0
2012-10-01,Objective-C,3369.7478615647155,0
2012-10-01,PHP,30506.46139530504,0
2012-10-01,Perl,2526.5491183528097,0
2012-10-01,Python,42497.309518760194,0
2012-10-01,R,64.43159215443289,0
2012-10-01,Ruby,34925.261878591205,0
2012-10-01,Rust,40.327041027202526,0
2012-10-01,Scala,3105.050987867455,0
2012-10-01,Swift,264.9062061203127,0
2012-10-01,TypeScript,1007.2777227172209,0
2013-01-01,C,18363.264028539903,0
2013-01-01,C#,6623.237882128608,0
2013-01-01,C++,22424.56492452359,0
2013-01-01,Dart,1384.3873682465885,0
2013-01-01,Go,2123.312946966309,0
2013-01-01,Haskell,2156.474864165031,0
2013-01-01,Java,57596.33535795826,0
2013-01-01,JavaScript,61437.539704457326,0
2013-01-01,Julia,65.01052076850351,0
2013-01-01,Kotlin,391.07918079630736,0
2013-01-01,Lua,803.5914717006658,0
2013-01-01,Objective-C,4355.423195439422,0
2013-01-01,PHP,41958.58856993288,0
2013-01-01,Perl,3506.9299201754548,0
2013-01-01,Python,57053.33107257984,0
2013-01-01,R,152.40109174588676,0
2013-01-01,Ruby,45743.606092174,0
2013-01-01,Rust,49.19453174981842,0
2013-01-01,Scala,4060.481485265048,0
2013-01-01,Swift,194.37250836700656,0
2013-01-01,TypeScript,1568.7567499651773,0
2013-04-01,C,21081.36827367104,0
2013-04-01,C#,7745.915659648512,0
2013-04-01,C++,26516.99955388044,0
2013-04-01,Dart,504.43801622427657,0
2013-04-01,Go,3180.7863463250937,0
2013-04-01,Haskell,1750.415368760513,0
2013-04-01,Java,59314.62424319644,0
2013-04-01,JavaScript,71663.0921994257,0
2013-04-01,Julia,51.54606024058727,0
2013-04-01,Kotlin,662.1662442639113,0
2013-04-01,Lua,1071.251158468291,0
2013-04-01,Objective-C,4772.307532496834,0
2013-04-01,PHP,47886.37933783791,0
2013-04-01,Perl,4687.433349927874,0
2013-04-01,Python,65870.40123221988,0
2013-04-01,R,444.26049846957807,0
2013-04-01,Ruby,49193.53671571961,0
2013-04-01,Rust,52.56765698689577,0
2013-04-01,Scala,4767.100025687121,0
2013-04-01,Swift,165.49343301672403,0
2013-04-01,TypeScript,1804.2027760146664,0
2013-07-01,C,26077.917003853763,0
2013-07-01,C#,9682.74088793713,0
2013-07-01,C++,30802.163811685838,0
2013-07-01,Dart,347.17892182567664,0
2013-07-01,Go,4562.667831472993,0
2013-07-01,Haskell,2004.9233341308357,0
2013-07-01,Java,74409.36989045965,0
2013-07-01,JavaScript,95797.87081102945,0
2013-07-01,Julia,296.8057233911145,0
2013-07-01,Kotlin,1158.1881892828924,0
2013-07-01,Lua,1217.0305286201803,0
2013-07-01,Objective-C,7368.697612659571,0
2013-07-01,PHP,56219.859756818216,0
2013-07-01,Perl,5719.756929054764,0
2013-07-01,Python,81515.7879984411,0
2013-07-01,R,632.2529623576604,0
2013-07-01,Ruby,57649.16008744953,0
2013-07-01,Rust,101.22024966536137,0
2013-07-01,Scala,5352.179123574821,0
2013-07-01,Swift,363.0931415599034,0
2013-07-01,TypeScript,3078.7724762421262,0
2013-10-01,C,30555.228662304064,0
2013-10-01,C#,12140.313155650052,0
2013-10-01,C++,38061.48705342339,0
2013-10-01,Dart,927.5691510915917,0
2013-10-01,Go,7279.654710418296,0
2013-10-01,Haskell,2259.122363736649,0
2013-10-01,Java,92410.6623625911,0
2013-10-01,JavaScript,117639.04386244313,0
2013-10-01,Julia,312.8745147793565,0
2013-10-01,Kotlin,1187.9255486462785,0
2013-10-01,Lua,1134.917307880231,0
2013-10-01,Objective-C,9782.869248232893,0
2013-10-01,PHP,64114.71889438417,0
2013-10-01,Perl,5209.245198476749,0
2013-10-01,Python,94061.4347714817,0
2013-10-01,R,830.2027077563174,0
2013-10-01,Ruby,61277.57169291194,0
2013-10-01,Rust,286.3225892651504,0
2013-10-01,Scala,6657.149929424374,0
2013-10-01,Swift,1079.405237959513,0
2013-10-01,TypeScript,3276.376345118075,0
2014-01-01,C,39482.57480805906,0
2014-01-01,C#,14929.853096686567,0
2014-01-01,C++,46528.378245306754,0
2014-01-01,Dart,846.087117922056,0
2014-01-01,Go,10361.252003721263,0
2014-01-01,Haskell,2936.6929907885237,0
2014-01-01,Java,120193.13670086474,0
2014-01-01,JavaScript,157656.67662774608,0
2014-01-01,Julia,363.9517274356361,0
2014-01-01,Kotlin,2361.4792182937,0
2014-01-01,Lua,1907.2039290444168,0
2014-01-01,Objective-C,11937.841804226013,0
2014-01-01,PHP,85012.42080830486,0
2014-01-01,Perl,7396.48960331068,0
2014-01-01,Python,122375.5527111762,0
2014-01-01,R,1687.7918336483192,0
2014-01-01,Ruby,73691.0472914403,0
2014-01-01,Rust,493.2190464222968,0
2014-01-01,Scala,9037.081929712638,0
2014-01-01,Swift,778.2260515765719,0
2014-01-01,TypeScript,5168.155966770545,0
2014-04-01,C,41635.059511676285,0
2014-04-01,C#,19361.83374625941,0
2014-04-01,C++,53644.74770556327,0
2014-04-01,Dart,923.611144398453,0
2014-04-01,Go,15784.621003203298,0
2014-04-01,Haskell,5363.236575340377,0
2014-04-01,Java,132946.80736460857,0
2014-04-01,JavaScript,188770.95287766313,0
2014-04-01,Julia,254.80197861678124,0
2014-04-01,Kotlin,2915.5120103496315,0
2014-04-01,Lua,3563.833608864108,0
2014-04-01,Objective-C,12952.68167276588,0
2014-04-01,PHP,95667.63576031565,0
2014-04-01,Perl,8012.312012252685,0
2014-04-01,Python,135683.765091061,0
2014-04-01,R,2511.4691454556328,0
2014-04-01,Ruby,82407.51153203641,0
2014-04-01,Rust,1384.238934576016,0
2014-04-01,Scala,11348.033263268057,0
2014-04-01,Swift,1109.3385939110383,0
2014-04-01,TypeScript,6761.616423226948,0
2014-07-01,C,46659.704925456026,0
2014-07-01,C#,23097.046740242906,0
2014-07-01,C++,60861.17544957174,0
2014-07-01,Dart,1417.407938280704,0
2014-07-01,Go,22565.66918174211,0
2014-07-01,Haskell,5465.503803805225,0
2014-07-01,Java,143153.0086865941,0
2014-07-01,JavaScript,221625.27438036495,0
2014-07-01,Julia,665.1067976846334,0
2014-07-01,Kotlin,2741.2936845903514,0
2014-07-01,Lua,4721.930193951736,0
2014-07-01,Objective-C,13384.316786112504,0
2014-07-01,PHP,104934.68463408345,0
2014-07-01,Perl,7834.216176674978,0
2014-07-01,Python,149969.00897809697,0
2014-07-01,R,2012.0273778416629,0
2014-07-01,Ruby,89020.48805498413,0
2014-07-01,Rust,3837.195130738845,0
2014-07-01,Scala,14692.453211653186,0
2014-07-01,Swift,3342.3675523258144,0
2014-07-01,TypeScript,8925.193904960623,0
2014-10-01,C,50919.375597133934,0
2014-10-01,C#,28421.58022911475,0
2014-10-01,C++,67233.43191394644,0
2014-10-01,Dart,1081.3078831885064,0
2014-10-01,Go,27199.135122843152,0
2014-10-01,Haskell,5864.240381145496,0
2014-10-01,Java,166689.56008939398,0
2014-10-01,JavaScript,246926.13740109856,0
2014-10-01,Julia,835.1897418593197,0
2014-10-01,Kotlin,3985.3518364464658,0
2014-10-01,Lua,4574.655143410093,0
2014-10-01,Objective-C,14168.709005527646,0
2014-10-01,PHP,121412.19722406392,0
2014-10-01,Perl,8293.224517599383,0
2014-10-01,Python,165575.58377550004,0
2014-10-01,R,2449.246184285668,0
2014-10-01,Ruby,93694.5319090765,0
2014-10-01,Rust,4728.423972575177,0
2014-10-01,Scala,15877.054137859202,0
2014-10-01,Swift,4548.352748444228,0
2014-10-01,TypeScript,13981.160088361778,0
2015-01-01,C,210802.44985798848,31759
2015-01-01,C#,147622.22184952218,13384
2015-01-01,C++,269114.33361713897,29990
2015-01-01,Dart,7814.505441398637,556
2015-01-01,Go,124501.77245311206,7238
2015-01-01,Haskell,33429.0914570451,2803
2015-01-01,Java,514562.8561198434,36703
2015-01-01,JavaScript,869478.3101201181,96554
2015-01-01,Julia,7275.311210912719,486
2015-01-01,Kotlin,7224.424591635637,961
2015-01-01,Lua,26488.22935870731,4193
2015-01-01,Objective-C,58806.42507344197,14062
2015-01-01,PHP,373775.0465696167,32170
2015-01-01,Perl,29889.18441335128,12848
2015-01-01,Python,567957.5280116968,55427
2015-01-01,R,17818.109241856182,3933
2015-01-01,Ruby,261162.3714671876,36540
2015-01-01,Rust,33811.752598234976,1465
2015-01-01,Scala,44461.68105073363,4310
2015-01-01,Swift,26153.12966190308,2922
2015-01-01,TypeScript,31718.179010016967,3438
2015-04-01,C,236441.81509090096,36206
2015-04-01,C#,166947.26076905208,15334
2015-04-01,C++,302464.51798136765,34437
2015-04-01,Dart,8823.115981060922,675
2015-04-01,Go,153656.6068440295,8598
2015-04-01,Haskell,35448.82889148199,3066
2015-04-01,Java,595188.7597186762,42709
2015-04-01,JavaScript,996608.1262859264,111604
2015-04-01,Julia,8199.059559423664,617
2015-04-01,Kotlin,8674.869329184769,1166
2015-04-01,Lua,27955.18576111794,4823
2015-04-01,Objective-C,70358.54249010977,16618
2015-04-01,PHP,400331.0869045784,36179
2015-04-01,Perl,30557.60880689713,13907
2015-04-01,Python,646879.2978347722,64107
2015-04-01,R,22610.20487716429,4475
2015-04-01,Ruby,272758.36292745225,40895
2015-04-01,Rust,38938.00882517883,1909
2015-04-01,Scala,52975.88321764932,4710
2015-04-01,Swift,36923.97826584536,3903
2015-04-01,TypeScript,44169.54347477374,4494
2015-07-01,C,244359.67603122705,41731
2015-07-01,C#,187689.0320526639,17653
2015-07-01,C++,324179.3742349172,39534
2015-07-01,Dart,8782.525298279665,726
2015-07-01,Go,185475.63573091192,11131
2015-07-01,Haskell,37459.67076349134,3306
2015-07-01,Java,610607.9510956721,46828
2015-07-01,JavaScript,1162571.056607606,130390
2015-07-01,Julia,13413.271131665982,787
2015-07-01,Kotlin,10572.097229484889,1394
2015-07-01,Lua,29815.906656324514,5733
2015-07-01,Objective-C,81105.82196327193,20955
2015-07-01,PHP,425956.01982701663,41044
2015-07-01,Perl,31189.873772042803,15766
2015-07-01,Python,726935.5432819691,74368
2015-07-01,R,25090.483970963985,5089
2015-07-01,Ruby,295153.23051816784,49336
2015-07-01,Rust,39610.15826514042,2259
2015-07-01,Scala,57510.46059637242,5310
2015-07-01,Swift,51498.825720163884,5418
2015-07-01,TypeScript,56682.97964896122,5880
2015-10-01,C,254966.38544626813,40835
2015-10-01,C#,249834.0118225527,18101
2015-10-01,C++,354301.23554922594,39272
2015-10-01,Dart,8720.146000173407,728
2015-10-01,Go,182013.34580368895,10801
2015-10-01,Haskell,36770.313287069774,3278
2015-10-01,Java,666847.4343508957,48418
2015-10-01,JavaScript,1213609.6901443107,130375
2015-10-01,Julia,13184.561937727529,871
2015-10-01,Kotlin,16188.634955460702,1760
2015-10-01,Lua,32588.431492798285,5804
2015-10-01,Objective-C,81250.32062585514,20382
2015-10-01,PHP,447589.84520641813,41269
2015-10-01,Perl,31839.77723775667,14781
2015-10-01,Python,764460.869027111,73927
2015-10-01,R,25478.241844794236,5253
2015-10-01,Ruby,285392.88860149053,45361
2015-10-01,Rust,38176.54093494048,2285
2015-10-01,Scala,56995.896423573526,5171
2015-10-01,Swift,63397.804489377595,6151
2015-10-01,TypeScript,72873.9387273024,6539
2016-01-01,C,291964.708099184,38014
2016-01-01,C#,397854.4752375248,17140
2016-01-01,C++,385700.4754911488,36535
2016-01-01,Dart,7587.262418366386,596
2016-01-01,Go,222487.7099125897,10719
2016-01-01,Haskell,34773.40961827575,3090
2016-01-01,Java,714775.229718343,46294
2016-01-01,JavaScript,1340327.2072478484,126113
2016-01-01,Julia,11978.219617402112,783
2016-01-01,Kotlin,22276.09923841055,2043
2016-01-01,Lua,56673.05045379074,5940
2016-01-01,Objective-C,77719.71703818372,18304
2016-01-01,PHP,459880.9225060312,38147
2016-01-01,Perl,33973.473206651644,13673
2016-01-01,Python,812535.2894691982,71331
2016-01-01,R,29350.540914782643,5225
2016-01-01,Ruby,297797.7904700613,43297
2016-01-01,Rust,48364.49109886389,2446
2016-01-01,Scala,70417.11987980267,4929
2016-01-01,Swift,82030.58176807959,6139
2016-01-01,TypeScript,99709.00784687584,7846
2016-04-01,C,267644.0415769332,38095
2016-04-01,C#,324082.179651275,17412
2016-04-01,C++,394325.22999002977,36539
2016-04-01,Dart,6570.243457038453,588
2016-04-01,Go,217983.17747412383,10985
2016-04-01,Haskell,35649.09175556494,3028
2016-04-01,Java,737187.4875277268,46856
2016-04-01,JavaScript,1358719.6608264952,129129
2016-04-01,Julia,13237.113268599203,833
2016-04-01,Kotlin,25979.608017015067,2362
2016-04-01,Lua,46565.82471525134,5954
2016-04-01,Objective-C,76358.88929744893,18541
2016-04-01,PHP,469182.0427419342,38496
2016-04-01,Perl,31336.34305200304,13301
2016-04-01,Python,849551.6928375188,73432
2016-04-01,R,31231.353570793224,5317
2016-04-01,Ruby,262242.5143100314,42773
2016-04-01,Rust,45674.640114934205,2545
2016-04-01,Scala,66444.4740864809,4966
2016-04-01,Swift,83565.43859020427,6551
2016-04-01,TypeScript,128262.80833274349,9671
2016-07-01,C,253143.98272772064,35016
2016-07-01,C#,297305.79313236737,16022
2016-07-01,C++,460027.8928194851,33065
2016-07-01,Dart,6598.256476592896,551
2016-07-01,Go,208051.9466494292,10721
2016-07-01,Haskell,29201.6185322929,2641
2016-07-01,Java,696963.6849715733,41458
2016-07-01,JavaScript,1203974.2026867934,119722
2016-07-01,Julia,12139.485065427509,751
2016-07-01,Kotlin,25353.94555459463,2372
2016-07-01,Lua,44132.86977270246,5818
2016-07-01,Objective-C,64401.692325514014,17130
2016-07-01,PHP,402179.0569371866,34441
2016-07-01,Perl,27896.05046977457,12262
2016-07-01,Python,799770.0435258406,69315
2016-07-01,R,28519.938083048983,5041
2016-07-01,Ruby,237720.78364441395,40255
2016-07-01,Rust,40152.20561319381,2429
2016-07-01,Scala,63049.747012986605,4612
2016-07-01,Swift,86897.90511927925,6412
2016-07-01,TypeScript,141534.38733610252,10591
2016-10-01,C,284769.22065515874,36736
2016-10-01,C#,338958.30475504097,17504
2016-10-01,C++,599948.156692659,35559
2016-10-01,Dart,7566.82659650561,588
2016-10-01,Go,226255.37241650865,11685
2016-10-01,Haskell,29687.44425785244,2835
2016-10-01,Java,722192.8123064544,45510
2016-10-01,JavaScript,1342455.451287239,129382
2016-10-01,Julia,7918.704434655202,758
2016-10-01,Kotlin,28604.668328969205,2768
2016-10-01,Lua,41495.708782646056,5838
2016-10-01,Objective-C,64022.85211874304,17540
2016-10-01,PHP,426989.3833013044,36447
2016-10-01,Perl,29078.9762041778,12271
2016-10-01,Python,846709.6417806391,74221
2016-10-01,R,28796.962913663603,5395
2016-10-01,Ruby,239305.0471347016,40878
2016-10-01,Rust,43495.58067543904,2715
2016-10-01,Scala,69589.92773316368,4760
2016-10-01,Swift,93617.22469113456,7073
2016-10-01,TypeScript,169726.03828509126,12882
2017-01-01,C,273077.7654115635,38667
2017-01-01,C#,381447.6479695741,19706
2017-01-01,C++,451093.4096498418,37903
2017-01-01,Dart,9477.560218921491,584
2017-01-01,Go,258918.36599263223,13325
2017-01-01,Haskell,34020.978552215354,2934
2017-01-01,Java,782137.9048645033,49750
2017-01-01,JavaScript,1499839.94700594,142999
2017-01-01,Julia,7129.80748220924,743
2017-01-01,Kotlin,39116.24928864885,3245
2017-01-01,Lua,50144.559401352446,6285
2017-01-01,Objective-C,62044.006782747536,18089
2017-01-01,PHP,472763.2754926392,39616
2017-01-01,Perl,32744.60537657874,12496
2017-01-01,Python,983675.4933769754,81865
2017-01-01,R,37012.91250222948,6009
2017-01-01,Ruby,262150.2076416043,43161
2017-01-01,Rust,51852.17464097957,3133
2017-01-01,Scala,76758.87868262129,5166
2017-01-01,Swift,98357.45827972548,7564
2017-01-01,TypeScript,211191.114373627,15510
2017-04-01,C,257768.56470665813,39063
2017-04-01,C#,494127.27996355033,20006
2017-04-01,C++,440852.57643987605,38755
2017-04-01,Dart,11636.808842582068,592
2017-04-01,Go,268270.4077684255,13654
2017-04-01,Haskell,31107.539380580496,2828
2017-04-01,Java,807229.9870992253,51218
2017-04-01,JavaScript,1545773.9649333933,143304
2017-04-01,Julia,7585.146158977725,737
2017-04-01,Kotlin,49637.69256512204,3856
2017-04-01,Lua,45084.87274721366,6219
2017-04-01,Objective-C,62049.7809851796,17950
2017-04-01,PHP,440306.20550280414,38826
2017-04-01,Perl,32727.427274880527,12132
2017-04-01,Python,1021183.7275324232,84331
2017-04-01,R,42544.53434885781,6251
2017-04-01,Ruby,241946.3700745558,42039
2017-04-01,Rust,55047.67718806674,3194
2017-04-01,Scala,77852.06735260041,5163
2017-04-01,Swift,94552.58295943364,7445
2017-04-01,TypeScript,231891.50772198947,16781
2017-07-01,C,232441.44738539265,36044
2017-07-01,C#,493364.1292411146,18550
2017-07-01,C++,398777.5417870063,35343
2017-07-01,Dart,9284.673515860704,593
2017-07-01,Go,261972.98685640428,13375
2017-07-01,Haskell,26972.491190146942,2472
2017-07-01,Java,702534.1840259006,45893
2017-07-01,JavaScript,1605210.0224781192,134267
2017-07-01,Julia,5642.011077408283,710
2017-07-01,Kotlin,53252.359888581545,4198
2017-07-01,Lua,38140.53231059724,5880
2017-07-01,Objective-C,51578.86018953027,15995
2017-07-01,PHP,404476.40089522966,35333
2017-07-01,Perl,33147.64822140398,11358
2017-07-01,Python,951772.6776962668,79750
2017-07-01,R,35540.72748628251,5790
2017-07-01,Ruby,218716.70306588264,39598
2017-07-01,Rust,50195.51501105013,3129
2017-07-01,Scala,69254.90131853234,4885
2017-07-01,Swift,87828.17022430604,7279
2017-07-01,TypeScript,247362.90237105408,16847
2017-10-01,C,199282.4691533321,31395
2017-10-01,C#,404439.9302097144,15217
2017-10-01,C++,354137.967644095,30536
2017-10-01,Dart,7772.875138196322,505
2017-10-01,Go,204295.3895078704,11608
2017-10-01,Haskell,18303.23645503372,2103
2017-10-01,Java,583429.9666359193,37798
2017-10-01,JavaScript,1470929.4814044836,109632
2017-10-01,Julia,5083.105058834592,643
2017-10-01,Kotlin,46728.9095312242,3937
2017-10-01,Lua,26031.641551955403,5207
2017-10-01,Objective-C,35559.25975149295,12949
2017-10-01,PHP,397426.30082609615,28665
2017-10-01,Perl,27628.03026450183,10192
2017-10-01,Python,775342.5987531011,68069
2017-10-01,R,26024.25727180264,4870
2017-10-01,Ruby,177420.3039105466,33657
2017-10-01,Rust,40271.955226414735,2836
2017-10-01,Scala,55192.18220052418,4269
2017-10-01,Swift,67744.27814204509,6109
2017-10-01,TypeScript,225832.7277772925,14599
2018-01-01,C,154708.7783512164,25388
2018-01-01,C#,344048.4778265637,10950
2018-01-01,C++,269714.9187819528,24188
2018-01-01,Dart,7488.551169756752,456
2018-01-01,Go,161013.8877180079,9431
2018-01-01,Haskell,15146.838171597232,1759
2018-01-01,Java,406495.51715478464,27134
2018-01-01,JavaScript,1218897.9578889653,81243
2018-01-01,Julia,3570.314161225981,521
2018-01-01,Kotlin,34331.55354860194,3261
2018-01-01,Lua,18804.807891414894,4373
2018-01-01,Objective-C,21673.35067469178,9658
2018-01-01,PHP,353060.2913378556,21095
2018-01-01,Perl,29361.81730841082,8950
2018-01-01,Python,577735.2674796242,53482
2018-01-01,R,18607.949755638565,4041
2018-01-01,Ruby,148980.7863167945,27642
2018-01-01,Rust,28485.903014336087,2310
2018-01-01,Scala,45690.53149547769,3521
2018-01-01,Swift,42344.219860067744,4353
2018-01-01,TypeScript,183333.1764388292,11638
2018-04-01,C,121890.13700785596,22183
2018-04-01,C#,225696.77511583184,9109
2018-04-01,C++,220943.6757310665,20967
2018-04-01,Dart,7104.846443451545,458
2018-04-01,Go,131819.9711042657,8202
2018-04-01,Haskell,11156.58998333066,1484
2018-04-01,Java,318592.6269312543,23057
2018-04-01,JavaScript,680462.9680727106,67571
2018-04-01,Julia,2820.12828687901,460
2018-04-01,Kotlin,27834.598596980097,2944
2018-04-01,Lua,13911.740736213176,3934
2018-04-01,Objective-C,17618.62239054267,8026
2018-04-01,PHP,268015.25133605464,17067
2018-04-01,Perl,23338.960835516737,8078
2018-04-01,Python,457539.05000647577,46582
2018-04-01,R,12244.497243398377,3534
2018-04-01,Ruby,118086.01247178542,23938
2018-04-01,Rust,23067.95238296699,2065
2018-04-01,Scala,34013.76051206974,3105
2018-04-01,Swift,35131.5155794577,3775
2018-04-01,TypeScript,152537.2136251305,10424
2018-07-01,C,107264.34574798615,19995
2018-07-01,C#,193461.601941806,8015
2018-07-01,C++,197514.83817778903,18616
2018-07-01,Dart,6088.985247307677,489
2018-07-01,Go,118488.05188116909,7622
2018-07-01,Haskell,10247.193516939386,1290
2018-07-01,Java,288541.07104452787,20381
2018-07-01,JavaScript,499517.6284182912,58865
2018-07-01,Julia,3332.1350585957584,435
2018-07-01,Kotlin,26197.12099680304,2846
2018-07-01,Lua,13182.731965929965,3671
2018-07-01,Objective-C,15282.021588684818,7132
2018-07-01,PHP,256450.75275239925,14893
2018-07-01,Perl,29289.20511940025,7597
2018-07-01,Python,418105.96018824994,41847
2018-07-01,R,9669.559001163494,3090
2018-07-01,Ruby,101865.08361167525,21289
2018-07-01,Rust,20844.042751807105,1931
2018-07-01,Scala,31231.24174372023,2798
2018-07-01,Swift,31710.034783742965,3436
2018-07-01,TypeScript,142910.1034203223,9587
2018-10-01,C,101640.25277826752,18774
2018-10-01,C#,221241.82389339537,7511
2018-10-01,C++,184197.19025527543,17337
2018-10-01,Dart,4850.2478993681625,439
2018-10-01,Go,102874.07239961142,7109
2018-10-01,Haskell,9194.16663019019,1268
2018-10-01,Java,272503.54988342023,19209
2018-10-01,JavaScript,476222.528498293,54668
2018-10-01,Julia,2491.1289330118097,417
2018-10-01,Kotlin,24646.78213681748,2794
2018-10-01,Lua,10992.420069802483,3495
2018-10-01,Objective-C,11992.955207488205,6649
2018-10-01,PHP,182215.60556520088,13729
2018-10-01,Perl,26150.019169413776,7216
2018-10-01,Python,372609.8795272248,39353
2018-10-01,R,8480.578878577366,2872
2018-10-01,Ruby,95897.74892890493,19911
2018-10-01,Rust,19606.14013819912,1955
2018-10-01,Scala,27544.837987131647,2703
2018-10-01,Swift,26483.05612208568,3359
2018-10-01,TypeScript,135977.18491705737,9365
2019-01-01,C,110763.03522212632,18243
2019-01-01,C#,260309.26736931768,7150
2019-01-01,C++,191139.0058922096,16656
2019-01-01,Dart,6253.863840556084,469
2019-01-01,Go,115320.90824027082,7050
2019-01-01,Haskell,7459.865880224935,1187
2019-01-01,Java,291272.02068155847,17979
2019-01-01,JavaScript,501380.91260144376,52184
2019-01-01,Julia,2831.719335581047,404
2019-01-01,Kotlin,26017.655383714227,2760
2019-01-01,Lua,12142.757773202704,3423
2019-01-01,Objective-C,12617.589584120326,6206
2019-01-01,PHP,206976.74309880324,13297
2019-01-01,Perl,21221.442231511115,7010
2019-01-01,Python,395100.8220851178,37874
2019-01-01,R,8937.708739246806,2815
2019-01-01,Ruby,107723.49692509352,19078
2019-01-01,Rust,21728.89068070673,1890
2019-01-01,Scala,28996.050278588413,2587
2019-01-01,Swift,25453.06154328347,3097
2019-01-01,TypeScript,153593.89022989344,9186
2019-04-01,C,102657.78710773063,17425
2019-04-01,C#,296887.27467390813,6572
2019-04-01,C++,182875.9180634384,15852
2019-04-01,Dart,7035.171796121012,440
2019-04-01,Go,118350.86926497796,6738
2019-04-01,Haskell,7363.7084540505775,1076
2019-04-01,Java,286712.0836715168,16978
2019-04-01,JavaScript,504665.138582435,48111
2019-04-01,Julia,2008.3878022279307,370
2019-04-01,Kotlin,25954.198567912823,2732
2019-04-01,Lua,11764.876395066853,3265
2019-04-01,Objective-C,13509.272643184631,5963
2019-04-01,PHP,210713.66293537256,11948
2019-04-01,Perl,23301.02028299201,6723
2019-04-01,Python,383686.4514924469,35892
2019-04-01,R,8215.721084114517,2692
2019-04-01,Ruby,98332.12166229416,17844
2019-04-01,Rust,21785.22813509168,1831
2019-04-01,Scala,29656.53660441625,2491
2019-04-01,Swift,25719.639149410603,3138
2019-04-01,TypeScript,156292.76196885397,8842
2019-07-01,C,101120.40119355224,16326
2019-07-01,C#,284228.5288604616,6030
2019-07-01,C++,171939.18420280117,14704
2019-07-01,Dart,7031.28338468324,434
2019-07-01,Go,118081.51505322832,6539
2019-07-01,Haskell,5878.20632377816,1039
2019-07-01,Java,269255.9718200924,15824
2019-07-01,JavaScript,465628.1768324567,44829
2019-07-01,Julia,2465.916953648888,367
2019-07-01,Kotlin,23533.497338931425,2535
2019-07-01,Lua,10281.256457783194,3128
2019-07-01,Objective-C,11714.224376518598,5379
2019-07-01,PHP,190549.93404825343,11098
2019-07-01,Perl,25467.023084924207,6304
2019-07-01,Python,360110.5242229085,33555
2019-07-01,R,6843.012479682798,2444
2019-07-01,Ruby,89131.45803207834,16517
2019-07-01,Rust,22867.24706354625,1820
2019-07-01,Scala,30352.65584710904,2400
2019-07-01,Swift,22186.85340262769,2776
2019-07-01,TypeScript,156407.10219909385,8479
2019-10-01,C,98265.52983344356,15949
2019-10-01,C#,258677.2416394815,5736
2019-10-01,C++,167467.53033693103,14307
2019-10-01,Dart,6701.769128023425,420
2019-10-01,Go,108915.53403186623,6313
2019-10-01,Haskell,6457.548295629913,1075
2019-10-01,Java,280258.9690454632,15193
2019-10-01,JavaScript,384071.81175366417,42627
2019-10-01,Julia,2034.0840060162884,344
2019-10-01,Kotlin,23508.913186000933,2556
2019-10-01,Lua,8434.762135159566,3044
2019-10-01,Objective-C,10852.115808753444,5098
2019-10-01,PHP,131469.77003411093,10801
2019-10-01,Perl,29894.590941739672,6084
2019-10-01,Python,348087.9335568362,32331
2019-10-01,R,6135.6463202174655,2350
2019-10-01,Ruby,95971.79250311588,15858
2019-10-01,Rust,24432.091193569464,1827
2019-10-01,Scala,26243.92391027021,2358
2019-10-01,Swift,20862.698990320285,2750
2019-10-01,TypeScript,149627.78253297685,8146
2020-01-01,C,103603.18116826616,15525
2020-01-01,C#,262832.4968326348,5595
2020-01-01,C++,170071.03451079933,13849
2020-01-01,Dart,7184.730480126592,444
2020-01-01,Go,115116.30144065215,6195
2020-01-01,Haskell,6509.978979596196,1040
2020-01-01,Java,285529.1526734317,14549
2020-01-01,JavaScript,383132.7520231304,40568
2020-01-01,Julia,2344.229900137529,357
2020-01-01,Kotlin,25704.26291337854,2565
2020-01-01,Lua,10028.213769852957,2988
2020-01-01,Objective-C,12010.139337714518,4645
2020-01-01,PHP,133495.33755575935,10362
2020-01-01,Perl,25295.8902585827,6001
2020-01-01,Python,353258.4413846607,31592
2020-01-01,R,6545.132373392722,2314
2020-01-01,Ruby,95323.15048867856,15617
2020-01-01,Rust,26649.294420536666,1782
2020-01-01,Scala,29011.854073703675,2251
2020-01-01,Swift,21127.36723772044,2411
2020-01-01,TypeScript,154386.84553691736,8062
2020-04-01,C,110471.38482761444,15708
2020-04-01,C#,206529.43274353936,5468
2020-04-01,C++,187856.96077525133,13941
2020-04-01,Dart,8459.953464609122,449
2020-04-01,Go,119954.2874086126,6145
2020-04-01,Haskell,7136.945617175177,1007
2020-04-01,Java,305038.26326604595,14473
2020-04-01,JavaScript,442509.9571771618,40313
2020-04-01,Julia,2366.826904084509,354
2020-04-01,Kotlin,27254.470099682552,2520
2020-04-01,Lua,11131.828773430248,3005
2020-04-01,Objective-C,11739.613272903456,4706
2020-04-01,PHP,137211.10459735597,10219
2020-04-01,Perl,27271.63745989276,6015
2020-04-01,Python,371949.72300542495,31448
2020-04-01,R,7046.7522715379855,2295
2020-04-01,Ruby,96513.61177961138,15152
2020-04-01,Rust,28565.356783320785,1764
2020-04-01,Scala,28210.735765946647,2153
2020-04-01,Swift,23482.846222366483,2496
2020-04-01,TypeScript,174463.91403993106,8185
2020-07-01,C,89855.06067754726,14591
2020-07-01,C#,258985.41664358068,4987
2020-07-01,C++,157100.41717522027,12829
2020-07-01,Dart,7844.50407856554,442
2020-07-01,Go,111463.43366882185,5820
2020-07-01,Haskell,6145.671743957064,915
2020-07-01,Java,257277.62383467445,13661
2020-07-01,JavaScript,486635.5121872552,37488
2020-07-01,Julia,1888.3874484035075,290
2020-07-01,Kotlin,26564.72127267876,2448
2020-07-01,Lua,8695.549270668726,2796
2020-07-01,Objective-C,9699.353670940498,4326
2020-07-01,PHP,116247.78823370556,9272
2020-07-01,Perl,23229.21836628128,5540
2020-07-01,Python,323227.34215919586,28818
2020-07-01,R,5293.03137298878,2083
2020-07-01,Ruby,81252.62686964122,13544
2020-07-01,Rust,24112.11732641885,1667
2020-07-01,Scala,22324.615413967247,2024
2020-07-01,Swift,18765.90942668316,2273
2020-07-01,TypeScript,163914.81410282082,7935
2020-10-01,C,93777.83472042956,14204
2020-10-01,C#,322211.39612489025,4883
2020-10-01,C++,159389.58431110406,12420
2020-10-01,Dart,8299.51768389533,423
2020-10-01,Go,99254.42920635792,5604
2020-10-01,Haskell,6407.621966301512,902
2020-10-01,Java,239742.50417520409,13435
2020-10-01,JavaScript,537713.5105422136,34439
2020-10-01,Julia,1742.9032525113212,294
2020-10-01,Kotlin,26757.06822672711,2400
2020-10-01,Lua,10702.538043505909,2813
2020-10-01,Objective-C,9154.11905908587,4213
2020-10-01,PHP,131047.27211061878,9042
2020-10-01,Perl,24591.805987869782,5499
2020-10-01,Python,324506.44400743727,27949
2020-10-01,R,5175.966641533323,2003
2020-10-01,Ruby,88816.89631430742,12835
2020-10-01,Rust,25244.93593975544,1675
2020-10-01,Scala,25263.336755927503,1980
2020-10-01,Swift,17587.67699629961,2306
2020-10-01,TypeScript,158890.4830434993,7362
2021-01-01,C,92132.00080496405,13795
2021-01-01,C#,409040.63801007374,4593
2021-01-01,C++,157378.83163385311,11905
2021-01-01,Dart,8648.413400373971,451
2021-01-01,Go,99222.46744535652,5435
2021-01-01,Haskell,5352.397788958768,882
2021-01-01,Java,223603.55045061896,12265
2021-01-01,JavaScript,620283.9330524732,33397
2021-01-01,Julia,2098.646113717522,310
2021-01-01,Kotlin,25206.951304563645,2338
2021-01-01,Lua,9270.411052186322,2686
2021-01-01,Objective-C,8653.009176132573,3886
2021-01-01,PHP,121175.24903926466,8702
2021-01-01,Perl,19026.485452556488,5257
2021-01-01,Python,315400.7274711191,27244
2021-01-01,R,4805.201890206576,2036
2021-01-01,Ruby,85231.44462707042,12663
2021-01-01,Rust,21816.97304303313,1624
2021-01-01,Scala,21864.518496438777,1926
2021-01-01,Swift,15309.262720133576,2081
2021-01-01,TypeScript,154349.0108319511,7264
2021-04-01,C,79845.85244449442,12975
2021-04-01,C#,173995.3007290856,4345
2021-04-01,C++,142518.08878610664,11252
2021-04-01,Dart,8218.717737276713,437
2021-04-01,Go,95153.58143524712,5122
2021-04-01,Haskell,4636.77698027969,834
2021-04-01,Java,202394.1107472254,11982
2021-04-01,JavaScript,369894.1146910296,31663
2021-04-01,Julia,1964.8553955071588,308
2021-04-01,Kotlin,24171.33689606796,2303
2021-04-01,Lua,7372.803508799335,2564
2021-04-01,Objective-C,7242.58890758924,3610
2021-04-01,PHP,102420.98081739816,7957
2021-04-01,Perl,16111.30715567534,4971
2021-04-01,Python,288622.6446760633,25698
2021-04-01,R,4560.0860660494245,1946
2021-04-01,Ruby,72401.84305933553,11988
2021-04-01,Rust,18912.38138128976,1528
2021-04-01,Scala,21252.24333625853,1904
2021-04-01,Swift,12942.572484777233,1993
2021-04-01,TypeScript,153819.14899156307,7173
2021-07-01,C,74124.14385469611,12339
2021-07-01,C#,659514.0474446217,4068
2021-07-01,C++,132328.47967505132,10658
2021-07-01,Dart,7280.620307979824,410
2021-07-01,Go,94102.31045132592,5019
2021-07-01,Haskell,3899.48108573788,765
2021-07-01,Java,188107.96656553567,10999
2021-07-01,JavaScript,836439.2671645784,29207
2021-07-01,Julia,1995.0757773957223,266
2021-07-01,Kotlin,22119.96626638044,2256
2021-07-01,Lua,6368.480416839112,2467
2021-07-01,Objective-C,5986.357606161444,3409
2021-07-01,PHP,98095.20016821244,7268
2021-07-01,Perl,16671.191506949788,4702
2021-07-01,Python,281517.6958952226,24030
2021-07-01,R,3669.724752586922,1766
2021-07-01,Ruby,66810.78762325477,11114
2021-07-01,Rust,17006.698320899966,1481
2021-07-01,Scala,17511.784321371593,1746
2021-07-01,Swift,13332.880982647868,1898
2021-07-01,TypeScript,148879.3732093533,6783
2021-10-01,C,64811.78033756577,11568
2021-10-01,C#,1238440.4573242988,3740
2021-10-01,C++,106346.85709498804,9831
2021-10-01,Dart,5792.972277090979,373
2021-10-01,Go,66323.7156648267,4645
2021-10-01,Haskell,3728.6301082109767,810
2021-10-01,Java,150469.78625989868,10522
2021-10-01,JavaScript,1352143.452342515,26032
2021-10-01,Julia,1063.425827153491,267
2021-10-01,Kotlin,17595.3899479504,2143
2021-10-01,Lua,5239.315174393308,2340
2021-10-01,Objective-C,4758.439767295813,2946
2021-10-01,PHP,82963.30994012915,6670
2021-10-01,Perl,14307.919537009146,4383
2021-10-01,Python,241807.04604256808,22095
2021-10-01,R,2633.16241049994,1616
2021-10-01,Ruby,53644.11289720608,9735
2021-10-01,Rust,13992.227486451566,1466
2021-10-01,Scala,15195.855698522855,1646
2021-10-01,Swift,11264.078376175528,1670
2021-10-01,TypeScript,119172.85879051324,6258
2022-01-01,C,80707.23644552367,12080
2022-01-01,C#,1350131.0579705727,3947
2022-01-01,C++,133736.36242051516,10351
2022-01-01,Dart,8617.374237642434,414
2022-01-01,Go,93682.30845438692,5135
2022-01-01,Haskell,3597.3629243663554,805
2022-01-01,Java,189088.32147869747,10974
2022-01-01,JavaScript,1493218.0714756106,27995
2022-01-01,Julia,1696.2474543374935,263
2022-01-01,Kotlin,21592.282865908503,2264
2022-01-01,Lua,7500.8516731533955,2469
2022-01-01,Objective-C,5893.236114078807,3111
2022-01-01,PHP,106836.08920258348,7342
2022-01-01,Perl,17702.122393240763,4651
2022-01-01,Python,308716.6214076871,23495
2022-01-01,R,3034.7973593238,1723
2022-01-01,Ruby,63710.70612825677,10738
2022-01-01,Rust,18255.0474477634,1567
2022-01-01,Scala,17822.140749552873,1752
2022-01-01,Swift,12970.11227124898,1796
2022-01-01,TypeScript,145934.89002994145,6806
2022-04-01,C,70304.07607695206,11523
2022-04-01,C#,1270506.3857594072,3899
2022-04-01,C++,120958.11237477358,9795
2022-04-01,Dart,13368.656395150014,425
2022-04-01,Go,91629.68181729528,4974
2022-04-01,Haskell,3708.157228221434,776
2022-04-01,Java,170243.0498134677,10305
2022-04-01,JavaScript,1396197.1163008593,26346
2022-04-01,Julia,2005.434332799876,251
2022-04-01,Kotlin,21888.0392349772,2211
2022-04-01,Lua,8432.464626274681,2425
2022-04-01,Objective-C,6053.199084155353,2884
2022-04-01,PHP,87998.87493526617,6713
2022-04-01,Perl,12102.75321705331,4493
2022-04-01,Python,268054.30671220046,22138
2022-04-01,R,2642.6544874940114,1650
2022-04-01,Ruby,60862.92062367324,10167
2022-04-01,Rust,20181.92405558845,1544
2022-04-01,Scala,16288.691106464226,1606
2022-04-01,Swift,12968.526026217563,1764
2022-04-01,TypeScript,140783.0319890158,6631
2022-07-01,C,71991.81040209085,11324
2022-07-01,C#,1486036.0496114327,3792
2022-07-01,C++,122538.0994652008,9566
2022-07-01,Dart,11590.58835492805,416
2022-07-01,Go,99461.29915111224,4964
2022-07-01,Haskell,3883.671213734885,792
2022-07-01,Java,185282.369465436,10094
2022-07-01,JavaScript,1595819.3700442158,25249
2022-07-01,Julia,1856.921678804976,277
2022-07-01,Kotlin,21396.606223062023,2207
2022-07-01,Lua,8001.883214725943,2406
2022-07-01,Objective-C,5583.664986624696,2875
2022-07-01,PHP,81581.96989316717,6424
2022-07-01,Perl,11302.28078471368,4395
2022-07-01,Python,451300.8623372275,21652
2022-07-01,R,2604.922490052319,1609
2022-07-01,Ruby,60563.52144801773,9790
2022-07-01,Rust,24328.326329648706,1582
2022-07-01,Scala,20667.13731358588,1641
2022-07-01,Swift,12232.525866209222,1725
2022-07-01,TypeScript,140898.4398993896,6635
2022-10-01,C,66715.63243467054,11121
2022-10-01,C#,1187691.9236124023,3665
2022-10-01,C++,119474.4097680773,9417
2022-10-01,Dart,10473.666112156248,409
2022-10-01,Go,97869.13319468772,4836
2022-10-01,Haskell,3167.3498060581,746
2022-10-01,Java,177329.6507905623,9886
2022-10-01,JavaScript,1308851.9799000183,25284
2022-10-01,Julia,1678.8849298220157,238
2022-10-01,Kotlin,19059.819286021346,2208
2022-10-01,Lua,7942.271027672572,2449
2022-10-01,Objective-C,4964.474960211288,2760
2022-10-01,PHP,88872.9772751644,6493
2022-10-01,Perl,11316.064407933836,4358
2022-10-01,Python,482985.1469965637,21568
2022-10-01,R,2705.3477768246207,1572
2022-10-01,Ruby,78585.73961895629,9582
2022-10-01,Rust,18292.322063485582,1590
2022-10-01,Scala,17618.501475509867,1619
2022-10-01,Swift,11476.523652951637,1629
2022-10-01,TypeScript,137344.2034306749,6449
2023-01-01,C,73156.16778911225,11186
2023-01-01,C#,1140276.0503769466,3561
2023-01-01,C++,127290.51350748492,9527
2023-01-01,Dart,11893.806516651292,379
2023-01-01,Go,116769.2222270828,5222
2023-01-01,Haskell,4448.525665524918,783
2023-01-01,Java,175903.9925051511,9812
2023-01-01,JavaScript,1272240.4347517788,25125
2023-01-01,Julia,2097.2805303943446,244
2023-01-01,Kotlin,21359.98447957091,2146
2023-01-01,Lua,7767.703223426799,2430
2023-01-01,Objective-C,5287.945178300447,2920
2023-01-01,PHP,97533.90912284685,6639
2023-01-01,Perl,11573.137332925353,4431
2023-01-01,Python,299079.5039568027,21653
2023-01-01,R,2717.444891603607,1614
2023-01-01,Ruby,70874.74889573897,9865
2023-01-01,Rust,19686.647327312046,1567
2023-01-01,Scala,21191.62531531239,1614
2023-01-01,Swift,11558.09886788194,1658
2023-01-01,TypeScript,142536.7315813844,6385
2023-04-01,C,64951.142584482106,10538
2023-04-01,C#,73001.004422589,3228
2023-04-01,C++,115177.8333550142,8966
2023-04-01,Dart,11620.57263172474,372
2023-04-01,Go,110737.37380463252,4828
2023-04-01,Haskell,3414.9765430283032,733
2023-04-01,Java,158902.14301589763,9394
2023-04-01,JavaScript,206555.5748107144,23642
2023-04-01,Julia,1346.494146289372,225
2023-04-01,Kotlin,20832.19734796039,2080
2023-04-01,Lua,7292.205331737616,2352
2023-04-01,Objective-C,4295.088508438613,2703
2023-04-01,PHP,83890.2841307292,6125
2023-04-01,Perl,9901.46965692205,4188
2023-04-01,Python,257941.81381512425,20497
2023-04-01,R,2494.7926547714424,1524
2023-04-01,Ruby,70666.47022997389,9105
2023-04-01,Rust,18556.78063907746,1463
2023-04-01,Scala,15803.51983831272,1514
2023-04-01,Swift,9784.073591924667,1515
2023-04-01,TypeScript,124485.86661164774,6078
2023-07-01,C,66953.78215445382,10094
2023-07-01,C#,41736.431143819966,3198
2023-07-01,C++,114661.62019827576,8594
2023-07-01,Dart,11163.663071987712,390
2023-07-01,Go,111899.3190040278,4746
2023-07-01,Haskell,3127.6279585936777,698
2023-07-01,Java,153643.82274869923,9023
2023-07-01,JavaScript,182802.558576774,22397
2023-07-01,Julia,1560.0801991170545,223
2023-07-01,Kotlin,19424.86782516608,1995
2023-07-01,Lua,6839.906304118928,2233
2023-07-01,Objective-C,4412.116331680314,2615
2023-07-01,PHP,81617.59119395744,5887
2023-07-01,Perl,11178.216203394491,4116
2023-07-01,Python,248620.5030584272,19524
2023-07-01,R,2400.2472031111333,1472
2023-07-01,Ruby,68198.12982421716,8683
2023-07-01,Rust,19904.1934704344,1461
2023-07-01,Scala,18281.895647278285,1454
2023-07-01,Swift,10479.281276990305,1501
2023-07-01,TypeScript,119243.86431213316,5839
2023-10-01,C,63496.60108321768,9987
2023-10-01,C#,42575.76536352524,3183
2023-10-01,C++,110488.38318404282,8418
2023-10-01,Dart,11383.779064102451,374
2023-10-01,Go,105924.46897716068,4640
2023-10-01,Haskell,3450.376520803187,697
2023-10-01,Java,164930.66978216433,8933
2023-10-01,JavaScript,178261.46206082334,22279
2023-10-01,Julia,1124.7088411731415,226
2023-10-01,Kotlin,19349.275870311365,1941
2023-10-01,Lua,7250.175458601462,2249
2023-10-01,Objective-C,4211.17459560117,2559
2023-10-01,PHP,87605.59150673919,5911
2023-10-01,Perl,11548.84106785916,4075
2023-10-01,Python,241064.82778583776,19227
2023-10-01,R,2502.7577676604096,1464
2023-10-01,Ruby,63903.33145462201,8484
2023-10-01,Rust,17303.78032356941,1478
2023-10-01,Scala,25901.806534712752,1423
2023-10-01,Swift,11172.691146114705,1467
2023-10-01,TypeScript,118398.9813016676,5781
2024-01-01,C,68399.76834166776,10054
2024-01-01,C#,43682.22086393304,3148
2024-01-01,C++,118132.042537973,8512
2024-01-01,Dart,9587.016864946503,353
2024-01-01,Go,108754.52324823732,4649
2024-01-01,Haskell,2704.1229264247936,703
2024-01-01,Java,181463.60016225048,8777
2024-01-01,JavaScript,177928.7257786674,22190
2024-01-01,Julia,1183.6188917653565,217
2024-01-01,Kotlin,22094.53631373789,1930
2024-01-01,Lua,7066.30914622817,2179
2024-01-01,Objective-C,4476.695543942625,2529
2024-01-01,PHP,92273.49037024916,5892
2024-01-01,Perl,12393.725718846685,4114
2024-01-01,Python,248035.6679535047,19101
2024-01-01,R,2896.1360313966024,1486
2024-01-01,Ruby,72209.79298684561,8672
2024-01-01,Rust,18841.20339392975,1416
2024-01-01,Scala,17863.421829289164,1442
2024-01-01,Swift,13034.837520992796,1434
2024-01-01,TypeScript,119703.65203134873,5640
2024-04-01,C,66267.59726217428,9842
2024-04-01,C#,46402.457937666346,2999
2024-04-01,C++,127540.78551417823,8317
2024-04-01,Dart,10289.966723892128,331
2024-04-01,Go,127771.47496801012,4606
2024-04-01,Haskell,2722.880250867312,683
2024-04-01,Java,178194.53310283003,8394
2024-04-01,JavaScript,188505.9946668916,21434
2024-04-01,Julia,1146.3195514554427,209
2024-04-01,Kotlin,21123.92964665313,1823
2024-04-01,Lua,7274.602660497386,2150
2024-04-01,Objective-C,5606.730413651902,2491
2024-04-01,PHP,90141.11785087296,5637
2024-04-01,Perl,13379.527109060706,4001
2024-04-01,Python,251281.86577232264,18705
2024-04-01,R,2707.603155467221,1431
2024-04-01,Ruby,76541.01899689049,8312
2024-04-01,Rust,21523.62231688236,1370
2024-04-01,Scala,21427.366140006136,1392
2024-04-01,Swift,14842.94864494744,1434
2024-04-01,TypeScript,126493.12868012353,5515
2024-07-01,C,60028.99396152295,9379
2024-07-01,C#,38461.02546208848,2924
2024-07-01,C++,114925.01968117018,7890
2024-07-01,Dart,8457.72507541231,328
2024-07-01,Go,104191.80348724556,4408
2024-07-01,Haskell,2781.862579846348,677
2024-07-01,Java,160921.81071523228,8106
2024-07-01,JavaScript,169833.92131940584,20502
2024-07-01,Julia,1088.8772508628222,206
2024-07-01,Kotlin,20636.73236426079,1793
2024-07-01,Lua,6183.504788213412,2147
2024-07-01,Objective-C,5136.480619996621,2312
2024-07-01,PHP,78703.8343584746,5375
2024-07-01,Perl,11944.703951270392,3798
2024-07-01,Python,242565.0528638462,17654
2024-07-01,R,2774.484735164217,1387
2024-07-01,Ruby,76339.95955073152,7923
2024-07-01,Rust,17580.524354070447,1353
2024-07-01,Scala,53829.66769746158,1332
2024-07-01,Swift,11960.471820608029,1300
2024-07-01,TypeScript,112801.6701894821,5397
2024-10-01,C,59342.84594517524,9024
2024-10-01,C#,39507.178276778046,2848
2024-10-01,C++,107586.08407710608,7616
2024-10-01,Dart,8181.747496423035,313
2024-10-01,Go,95716.26834532866,4253
2024-10-01,Haskell,2882.4914615781486,652
2024-10-01,Java,146529.33325984358,7935
2024-10-01,JavaScript,155244.2528395376,19724
2024-10-01,Julia,1049.2393495088363,207
2024-10-01,Kotlin,19213.55192701133,1727
2024-10-01,Lua,5468.545355528864,2033
2024-10-01,Objective-C,4397.606074811053,2198
2024-10-01,PHP,81709.97694422666,5310
2024-10-01,Perl,10579.527578363091,3688
2024-10-01,Python,216773.8312515276,16888
2024-10-01,R,2436.9897887370976,1342
2024-10-01,Ruby,71596.98435095216,7622
2024-10-01,Rust,17120.781501918704,1343
2024-10-01,Scala,20226.016675581675,1276
2024-10-01,Swift,11869.196575334085,1240
2024-10-01,TypeScript,108101.33228982892,5092
2025-01-01,C,62111.3846193576,8902
2025-01-01,C#,37393.245782216734,2730
2025-01-01,C++,111823.91104857573,7506
2025-01-01,Dart,7990.93035102146,296
2025-01-01,Go,103731.6805659878,4237
2025-01-01,Haskell,3140.4594297306808,642
2025-01-01,Java,144924.8150394129,7550
2025-01-01,JavaScript,159784.85155044383,19410
2025-01-01,Julia,1296.6266558248767,193
2025-01-01,Kotlin,20417.339264769227,1665
2025-01-01,Lua,4939.268987069343,2049
2025-01-01,Objective-C,4258.143253342646,2152
2025-01-01,PHP,77283.80051216246,5322
2025-01-01,Perl,11949.185749699283,3669
2025-01-01,Python,217289.22254164776,16651
2025-01-01,R,2326.4705324730376,1353
2025-01-01,Ruby,83324.13530309414,7569
2025-01-01,Rust,17001.446254590363,1306
2025-01-01,Scala,33484.84745480112,1236
2025-01-01,Swift,12966.88190454828,1182
2025-01-01,TypeScript,113735.8347213002,5161
2025-04-01,C,47739.96102145093,8461
2025-04-01,C#,29876.804951686077,2550
2025-04-01,C++,93688.40562703395,7192
2025-04-01,Dart,6918.423272487728,272
2025-04-01,Go,82633.88366725131,4082
2025-04-01,Haskell,3009.3482044719185,599
2025-04-01,Java,125888.52796725102,7249
2025-04-01,JavaScript,130789.91945269782,18054
2025-04-01,Julia,1122.6934805207595,206
2025-04-01,Kotlin,17624.578571978825,1559
2025-04-01,Lua,3780.810419375897,1987
2025-04-01,Objective-C,4245.24359334911,2028
2025-04-01,PHP,61177.96166466186,4838
2025-04-01,Perl,8995.414079758315,3537
2025-04-01,Python,170426.35548913677,15770
2025-04-01,R,2011.455998203088,1334
2025-04-01,Ruby,59899.32666483008,6970
2025-04-01,Rust,13144.390502973358,1252
2025-04-01,Scala,20368.6463006787,1183
2025-04-01,Swift,10732.009973491811,1102
2025-04-01,TypeScript,91102.99624265153,4883
2025-07-01,C,34934.15978608932,7802
2025-07-01,C#,21879.69539680895,2291
2025-07-01,C++,67796.01059921924,6547
2025-07-01,Dart,4256.2183878387195,271
2025-07-01,Go,60147.9051650308,3741
2025-07-01,Haskell,2138.906699773355,568
2025-07-01,Java,88033.02824747331,6724
2025-07-01,JavaScript,91093.57840558552,16534
2025-07-01,Julia,866.6513156708205,207
2025-07-01,Kotlin,12285.066696871412,1469
2025-07-01,Lua,2393.4883183693623,1848
2025-07-01,Objective-C,3144.7309689113786,1936
2025-07-01,PHP,50258.120532891306,4285
2025-07-01,Perl,6185.97836756136,3264
2025-07-01,Python,120898.91892647832,14294
2025-07-01,R,1810.829291448304,1224
2025-07-01,Ruby,53970.396372159565,6467
2025-07-01,Rust,9545.35001355396,1166
2025-07-01,Scala,9420.535521483014,1099
2025-07-01,Swift,8261.747510059937,1116
2025-07-01,TypeScript,66307.21874516738,4518
2025-10-01,C,30433.296207730607,7350
2025-10-01,C#,21276.485052831176,2130
2025-10-01,C++,61517.437398252354,6066
2025-10-01,Dart,3565.0877119350544,244
2025-10-01,Go,45551.21289178496,3402
2025-10-01,Haskell,2899.520570979948,441
2025-10-01,Java,75181.39409947267,6194
2025-10-01,JavaScript,83338.64683361098,15692
2025-10-01,Julia,1111.2998318998784,193
2025-10-01,Kotlin,10312.553021132964,1363
2025-10-01,Lua,2273.332029763892,1617
2025-10-01,Objective-C,2591.0158760991344,1830
2025-10-01,PHP,45341.01176252175,4133
2025-10-01,Perl,5389.932860735075,2979
2025-10-01,Python,118045.28926269084,13449
2025-10-01,R,1315.079797469321,972
2025-10-01,Ruby,46644.70126146307,5942
2025-10-01,Rust,8009.847296501106,993
2025-10-01,Scala,7916.85675845039,1014
2025-10-01,Swift,6693.596138346981,1005
2025-10-01,TypeScript,56746.26683930292,4258
2026-01-01,C,35006.65982667526,7537
2026-01-01,C#,22312.345590894816,2163
2026-01-01,C++,65839.59173098742,6252
2026-01-01,Dart,3849.9502248788,248
2026-01-01,Go,51214.014952275546,3558
2026-01-01,Haskell,3081.6230538646137,420
2026-01-01,Java,81956.81272102402,6381
2026-01-01,JavaScript,94956.3921350926,16901
2026-01-01,Julia,728.927151398775,188
2026-01-01,Kotlin,9728.991619748494,1421
2026-01-01,Lua,2620.0963496927625,1662
2026-01-01,Objective-C,3247.129394801425,1937
2026-01-01,PHP,45194.17322406889,4419
2026-01-01,Perl,6067.845416097121,3027
2026-01-01,Python,131530.38010159828,14070
2026-01-01,R,1340.932085111746,1024
2026-01-01,Ruby,49011.08352605128,6372
2026-01-01,Rust,9647.204427941258,984
2026-01-01,Scala,8697.987152640237,1077
2026-01-01,Swift,6755.180421833908,1107
2026-01-01,TypeScript,66823.66907803972,4451
2026-04-01,C,25026.27600267943,6428
2026-04-01,C#,16430.329159932666,1837
2026-04-01,C++,46117.990174863095,5360
2026-04-01,Dart,2301.2272657885046,226
2026-04-01,Go,36416.32648493966,3072
2026-04-01,Haskell,2302.450544974874,356
2026-04-01,Java,54531.7120297257,5482
2026-04-01,JavaScript,64410.358366618646,14211
2026-04-01,Julia,365.94160287941384,178
2026-04-01,Kotlin,6081.880843215608,1274
2026-04-01,Lua,1779.4111429690329,1458
2026-04-01,Objective-C,2169.690016322913,1692
2026-04-01,PHP,29794.07473151008,3771
2026-04-01,Perl,4127.9742283105115,2643
2026-04-01,Python,88876.26643171733,12100
2026-04-01,R,945.2522183809231,892
2026-04-01,Ruby,32862.62545972165,5485
2026-04-01,Rust,6382.24030476569,878
2026-04-01,Scala,5825.105414092056,987
2026-04-01,Swift,5037.329594260878,987
2026-04-01,TypeScript,44334.08368747777,3870
