language,month,share_pct,feature_value,vector_length
C,2011-01-01,10.27111186253758,1.1654581403976108,62
C,2011-04-01,9.352726733576306,1.0877351360798164,62
C,2011-07-01,8.732705975545208,1.0307925205990784,62
C,2011-10-01,9.112541561873654,1.0625990047398517,62
C,2012-01-01,8.20783868393693,0.9773992521592968,62
C,2012-04-01,5.561622839367729,0.6960996277553018,62
C,2012-07-01,5.075804971928235,0.6315883500407343,62
C,2012-10-01,6.070892780496288,0.7666510635141353,62
C,2013-01-01,5.530905652155488,0.6909076905616761,62
C,2013-04-01,5.649020095987049,0.7040465606410335,62
C,2013-07-01,5.615912157078587,0.6984815338372033,62
C,2013-10-01,5.55061062122232,0.6869414639913253,62
C,2014-01-01,5.520917931486545,0.682768726321009,62
C,2014-04-01,5.058915720678351,0.6023207885839981,62
C,2014-07-01,5.012186936326756,0.5865559004563479,62
C,2014-10-01,4.856594522216582,0.555964310383997,62
C,2015-01-01,5.753550957321392,0.6765447780717662,62
C,2015-04-01,5.687921492945333,0.6649194222825306,62
C,2015-07-01,5.305639095180599,0.6031984250053778,62
C,2015-10-01,5.207135924186573,0.582656088382416,62
C,2016-01-01,5.310209542457295,0.5864072454069702,62
C,2016-04-01,4.891340000370626,0.518327173675866,62
C,2016-07-01,4.935527749866659,0.5198840673148465,62
C,2016-10-01,5.0480396533933565,0.5430520670087576,62
C,2017-01-01,4.495141047863679,0.43917945081129933,62
C,2017-04-01,4.118250309490761,0.3634856343088095,62
C,2017-07-01,3.8886279390458967,0.32562919440994526,62
C,2017-10-01,3.8704065823214457,0.3381957201068942,62
C,2018-01-01,3.788636505696633,0.3269248342416259,62
C,2018-04-01,4.197568981925323,0.3750096385715703,62
C,2018-07-01,4.254506322416015,0.36784146887506625,62
C,2018-10-01,4.385180736462188,0.3996214737017791,62
C,2019-01-01,4.417726422742223,0.4079826317527495,62
C,2019-04-01,4.077786826638423,0.3415270646407584,62
C,2019-07-01,4.257568494097887,0.3748348234033845,62
C,2019-10-01,4.490348445052479,0.4113699789480911,62
C,2020-01-01,4.647633684931078,0.4375842333382659,62
C,2020-04-01,4.730773035183501,0.4557030518105734,62
C,2020-07-01,4.083350002884803,0.35127364401041755,62
C,2020-10-01,4.0486435994036505,0.3516717852102035,62
C,2021-01-01,3.807311801514954,0.3347926788344284,62
C,2021-04-01,4.415150733946361,0.40768127024930423,62
C,2021-07-01,2.7496550765488426,0.1799653168032793,62
C,2021-10-01,1.814594585714549,0.06585986481559516,62
C,2022-01-01,1.975966654284001,0.08779221921971164,62
C,2022-04-01,1.8514822069565584,0.04460959001026313,62
C,2022-07-01,1.6291712138371823,-0.005834101689186523,62
C,2022-10-01,1.7308882083528907,-0.007825001708818212,62
C,2023-01-01,2.012414527705503,0.061344504494348466,62
C,2023-04-01,4.73525047516192,0.44926500058855035,62
C,2023-07-01,5.157631761668905,0.524410318130732,62
C,2023-10-01,4.915170347321778,0.4763846572872273,62
C,2024-01-01,5.094100639877929,0.5113438470091197,62
C,2024-04-01,4.729395116950641,0.43980811768159556,62
C,2024-07-01,4.613540359001232,0.4085641006593081,62
C,2024-10-01,5.005580345154234,0.4883847740005855,62
C,2025-01-01,5.044888888743932,0.48704477214784286,62
C,2025-04-01,4.845825004687852,0.45519451061443433,62
C,2025-07-01,4.881605199404867,0.4634811111374546,62
C,2025-10-01,4.783952115004059,0.4515364917257109,62
C,2026-01-01,5.003732119392882,0.49626671826042373,62
C,2026-04-01,5.256311947608496,0.5391145783276876,62
C#,2011-01-01,2.1729778255158783,-0.0056189739339376306,62
C#,2011-04-01,2.277201165554763,0.015337879047820356,62
C#,2011-07-01,2.548746456976857,0.08018629056835318,62
C#,2011-10-01,2.4313016255041764,0.05027670820244881,62
C#,2012-01-01,2.195242796603287,-0.010128451801724003,62
C#,2012-04-01,1.759912531293094,-0.08247991047841703,62
C#,2012-07-01,1.828471489035708,-0.05981765009073075,62
C#,2012-10-01,1.4936934048340602,-0.18162540064260385,62
C#,2013-01-01,1.9948797654328656,-0.027443713034425363,62
C#,2013-04-01,2.075616376277817,-0.005979020590708019,62
C#,2013-07-01,2.0851904029900936,-0.0121780711285697,62
C#,2013-10-01,2.205388540582268,0.015052303495897283,62
C#,2014-01-01,2.0876676376012884,-0.02689676589874843,62
C#,2014-04-01,2.352581844938709,0.025511732562666735,62
C#,2014-07-01,2.481085470302994,0.041835558107042085,62
C#,2014-10-01,2.710797004769774,0.09776525202201528,62
C#,2015-01-01,4.02913712063789,0.36492569283988363,62
C#,2015-04-01,4.016137806891602,0.35788015689930325,62
C#,2015-07-01,4.075182462052218,0.3691325041224236,62
C#,2015-10-01,5.102318314501988,0.5642454656561268,62
C#,2016-01-01,7.236116463082712,0.8779870559737168,62
C#,2016-04-01,5.922777579488623,0.6951889383926241,62
C#,2016-07-01,5.796546994281889,0.6678376590199233,62
C#,2016-10-01,6.008637307479458,0.7016680506158818,62
C#,2017-01-01,6.279020840143726,0.746722357899865,62
C#,2017-04-01,7.894445259271589,0.9683036986480638,62
C#,2017-07-01,8.253732536388492,1.0165872803128864,62
C#,2017-10-01,7.854915561252376,0.9722878191579294,62
C#,2018-01-01,8.42534364704218,1.040301086393405,62
C#,2018-04-01,7.77239082507333,0.9335407418288397,62
C#,2018-07-01,7.67341284624017,0.9097891682293368,62
C#,2018-10-01,9.545287007044124,1.1178059687011994,62
C#,2019-01-01,10.382300613520773,1.1918771247617788,62
C#,2019-04-01,11.792997411792822,1.3165329866071585,62
C#,2019-07-01,11.96714426877941,1.3271366576162906,62
C#,2019-10-01,11.8205331181249,1.3145746255505566,62
C#,2020-01-01,11.7906530668197,1.3144513112006193,62
C#,2020-04-01,8.84431631702194,1.0387672807350665,62
C#,2020-07-01,11.769265902492895,1.3213063794646418,62
C#,2020-10-01,13.91074032008718,1.490274639222223,62
C#,2021-01-01,16.903412872707857,1.6838542168147383,62
C#,2021-04-01,9.621232114107269,1.1180670902232641,62
C#,2021-07-01,24.46485118487461,2.073872322446106,62
C#,2021-10-01,34.6737481501951,2.5106958071873433,62
C#,2022-01-01,33.055449138860936,2.441473529449779,62
C#,2022-04-01,33.45922595559711,2.4716162005651507,62
C#,2022-07-01,33.62892447390038,2.4573972517794904,62
C#,2022-10-01,30.81379686761897,2.3337100563985755,62
C#,2023-01-01,31.36725389974211,2.372772133417439,62
C#,2023-04-01,5.3221240939639785,0.5532916947497798,62
C#,2023-07-01,3.2150706944305725,0.11457601918890338,62
C#,2023-10-01,3.295721910454177,0.1279019010213174,62
C#,2024-01-01,3.253251211944451,0.12346788588063994,62
C#,2024-04-01,3.3116570850860247,0.13116068788745397,62
C#,2024-07-01,2.955929818375012,0.0259753343070738,62
C#,2024-10-01,3.332438003688677,0.13396795107260676,62
C#,2025-01-01,3.037201172005159,0.04649863491424952,62
C#,2025-04-01,3.03263273361303,0.048392194726008954,62
C#,2025-07-01,3.057409580321092,0.0619396210279804,62
C#,2025-10-01,3.344550158930485,0.1414053968031239,62
C#,2026-01-01,3.1892502982269804,0.10869058945059276,62
C#,2026-04-01,3.450890394449734,0.1732961076621947,62
C++,2011-01-01,8.84172495453632,1.040169767160341,62
C++,2011-04-01,9.58707276446753,1.1086037122791308,62
C++,2011-07-01,8.675427205976565,1.0252309843927532,62
C++,2011-10-01,9.006625671401506,1.0527374851829303,62
C++,2012-01-01,8.68077125174753,1.024132149409737,62
C++,2012-04-01,8.099935601744429,0.9901030076660639,62
C++,2012-07-01,7.884614195988922,0.9752273249528802,62
C++,2012-10-01,6.800719286526443,0.8560259271543162,62
C++,2013-01-01,6.754145270438445,0.8490931682391728,62
C++,2013-04-01,7.105566461368277,0.8864713439191994,62
C++,2013-07-01,6.633284636530192,0.8317334746694052,62
C++,2013-10-01,6.914184692680254,0.8647065899933921,62
C++,2014-01-01,6.506145027934427,0.8163360378330956,62
C++,2014-04-01,6.5181666768937845,0.8126459697116001,62
C++,2014-07-01,6.537709336250219,0.8119722180945468,62
C++,2014-10-01,6.412598609348868,0.7925464636684443,62
C++,2015-01-01,7.3450903101690015,0.9002071373406557,62
C++,2015-04-01,7.2761851875403645,0.8923668169406505,62
C++,2015-07-01,7.038717638388752,0.8650218552512144,62
C++,2015-10-01,7.235834984219354,0.8883624778270172,62
C++,2016-01-01,7.0150613710052685,0.8482045777931039,62
C++,2016-04-01,7.206507416497669,0.8816722116716156,62
C++,2016-07-01,8.969126606360469,1.0862514713376403,62
C++,2016-10-01,10.635145462691105,1.247091533521741,62
C++,2017-01-01,7.425461751094016,0.9067247881468927,62
C++,2017-04-01,7.043299718991777,0.8582139645412226,62
C++,2017-07-01,6.671346732262888,0.813522588171324,62
C++,2017-10-01,6.877965366662693,0.8482866612288065,62
C++,2018-01-01,6.605001980614984,0.8142267581443788,62
C++,2018-04-01,7.608706846736236,0.9134419381223806,62
C++,2018-07-01,7.834179399860427,0.9296491267015307,62
C++,2018-10-01,7.947028350864188,0.9421599554359663,62
C++,2019-01-01,7.623480478422429,0.8987856517249038,62
C++,2019-04-01,7.264222526109175,0.8554610506366959,62
C++,2019-07-01,7.239319117826214,0.8487430278962965,62
C++,2019-10-01,7.652607844478203,0.8958187382114599,62
C++,2020-01-01,7.629378363775342,0.892318619712679,62
C++,2020-04-01,8.04469542853901,0.9474719715356701,62
C++,2020-07-01,7.139230490619821,0.8470214820275621,62
C++,2020-10-01,6.8812808725703976,0.8199249779260505,62
C++,2021-01-01,6.503606540105874,0.7916222588398292,62
C++,2021-04-01,7.880670379742423,0.929330200972442,62
C++,2021-07-01,4.908760587154399,0.6295792630407512,62
C++,2021-10-01,2.977490050222744,0.39878842983633783,62
C++,2022-01-01,3.2742862257035528,0.43740193368568053,62
C++,2022-04-01,3.1854738067223365,0.41839057473674124,62
C++,2022-07-01,2.7730313091449155,0.3392926827203252,62
C++,2022-10-01,3.099676035747493,0.379635479236962,62
C++,2023-01-01,3.5015677606294795,0.45237422270648936,62
C++,2023-04-01,8.39701764157657,0.9764904733892869,62
C++,2023-07-01,8.832696154711622,1.0304734525319,62
C++,2023-10-01,8.552729051402219,0.9985157208337829,62
C++,2024-01-01,8.79793204089238,1.0234788503257395,62
C++,2024-04-01,9.10234855560557,1.0555641827876987,62
C++,2024-07-01,8.832585415273513,1.0213345384988322,62
C++,2024-10-01,9.074906659616603,1.049878513387877,62
C++,2025-01-01,9.082702145542417,1.0454013461977372,62
C++,2025-04-01,9.50980287631205,1.0978475167056772,62
C++,2025-07-01,9.473631536197438,1.0875352428484233,62
C++,2025-10-01,9.670213595734085,1.1151908224046982,62
C++,2026-01-01,9.410885857239592,1.089135025622143,62
C++,2026-04-01,9.686241082367609,1.1143112962089097,62
Dart,2011-01-01,0.0040734890740414,-1.0686331936958775,62
Dart,2011-04-01,0.0015906397600342,-1.0898208790007373,62
Dart,2011-07-01,0.0061446754743917,-1.1074558858789527,62
Dart,2011-10-01,0.0062292163146554,-1.0986904590442406,62
Dart,2012-01-01,0.0130343386164877,-1.0819296247777364,62
Dart,2012-04-01,0.0165051542550462,-0.9804389047302148,62
Dart,2012-07-01,0.0089586313184809,-0.991983531141184,62
Dart,2012-10-01,0.0412100390507125,-0.9762805922533051,62
Dart,2013-01-01,0.41696922224216,-0.7169946912654954,62
Dart,2013-04-01,0.1351705664375533,-0.9239184585363401,62
Dart,2013-07-01,0.0747654165581601,-0.9945262188776919,62
Dart,2013-10-01,0.168500626811507,-0.9335802314183255,62
Dart,2014-01-01,0.118309850956888,-0.9909622034019913,62
Dart,2014-04-01,0.1122244327975727,-1.0499072688296962,62
Dart,2014-07-01,0.1522580042682718,-1.0602968128402346,62
Dart,2014-10-01,0.1031331174182445,-1.1203180303904166,62
Dart,2015-01-01,0.2132857340777651,-1.1380124631714015,62
Dart,2015-04-01,0.2122517584469226,-1.1580665076555263,62
Dart,2015-07-01,0.1906898483979433,-1.1941290405537484,62
Dart,2015-10-01,0.1780900859624254,-1.2137834350023875,62
Dart,2016-01-01,0.1379959706686528,-1.2886753405420566,62
Dart,2016-04-01,0.1200747621513847,-1.301542372474609,62
Dart,2016-07-01,0.1286456726723353,-1.2931677756405822,62
Dart,2016-10-01,0.1341354259481829,-1.2580682685802633,62
Dart,2017-01-01,0.1560103947293756,-1.2661591121435922,62
Dart,2017-04-01,0.1859159656336891,-1.2369502350847996,62
Dart,2017-07-01,0.1553278954541752,-1.2363550039561433,62
Dart,2017-10-01,0.1509625368766901,-1.1919732558985876,62
Dart,2018-01-01,0.183385833944791,-1.1457103204887646,62
Dart,2018-04-01,0.2446718314087425,-1.1501931871267908,62
Dart,2018-07-01,0.241511995911789,-1.1922848521072569,62
Dart,2018-10-01,0.2092597477278529,-1.1966075787183328,62
Dart,2019-01-01,0.2494321275798494,-1.1410326438419722,62
Dart,2019-04-01,0.2794520677058321,-1.1129729578645602,62
Dart,2019-07-01,0.2960448164599464,-1.1023815462384696,62
Dart,2019-10-01,0.3062445054143369,-1.1178365943807307,62
Dart,2020-01-01,0.3223066610508232,-1.1197509718411143,62
Dart,2020-04-01,0.3622849463843759,-1.0925648821103844,62
Dart,2020-07-01,0.3564836027075821,-1.0400264466804214,62
Dart,2020-10-01,0.3583126998955977,-1.0286578322327478,62
Dart,2021-01-01,0.3573916350012642,-0.9626805319938277,62
Dart,2021-04-01,0.4544616475234003,-0.9785612569517376,62
Dart,2021-07-01,0.2700765708606968,-0.8903420180774806,62
Dart,2021-10-01,0.1621911336867094,-0.785647151891098,62
Dart,2022-01-01,0.2109803890083747,-0.7804556926206677,62
Dart,2022-04-01,0.352068198996654,-0.6821504560433849,62
Dart,2022-07-01,0.2622944581309879,-0.7069012119726474,62
Dart,2022-10-01,0.2717315943831994,-0.7366694706509677,62
Dart,2023-01-01,0.3271804653959703,-0.7365997133888813,62
Dart,2023-04-01,0.847195597898148,-0.760484114337787,62
Dart,2023-07-01,0.8599672995892726,-0.7700297780113879,62
Dart,2023-10-01,0.8812001326339877,-0.7715822502197439,62
Dart,2024-01-01,0.7139969904911772,-0.8567503417114936,62
Dart,2024-04-01,0.7343757792368053,-0.8575470909115649,62
Dart,2024-07-01,0.6500201553562981,-0.9299645687029541,62
Dart,2024-10-01,0.6901319578596943,-0.8876586011749267,62
Dart,2025-01-01,0.6490493809734001,-0.9306672183662855,62
Dart,2025-04-01,0.7022516937492144,-0.896520183238309,62
Dart,2025-07-01,0.59475246976312,-0.9479853233245786,62
Dart,2025-10-01,0.5604128052141244,-0.9683233242772047,62
Dart,2026-01-01,0.55029870583684,-0.9619478467097178,62
Dart,2026-04-01,0.4833307348656867,-1.0072683484851317,62
Go,2011-01-01,0.5358893754376775,-0.6759457678519709,62
Go,2011-04-01,0.7542423943246608,-0.5673107642639671,62
Go,2011-07-01,0.6949464003691392,-0.6160629249813796,62
Go,2011-10-01,0.8008857718160262,-0.5535191515920292,62
Go,2012-01-01,0.747990043478632,-0.5729380810660916,62
Go,2012-04-01,0.2352440477474943,-0.805223116822863,62
Go,2012-07-01,0.4355620938824958,-0.6730941097703318,62
Go,2012-10-01,0.6632682412898837,-0.5501010790346388,62
Go,2013-01-01,0.6395292014218595,-0.5825745989867931,62
Go,2013-04-01,0.8523320573016455,-0.4729598828723229,62
Go,2013-07-01,0.9825762440954912,-0.4241323564124087,62
Go,2013-10-01,1.3224096340777305,-0.28786355057761426,62
Go,2014-01-01,1.4488321052536672,-0.24693961847343285,62
Go,2014-04-01,1.9179285024358037,-0.10982764817078203,62
Go,2014-07-01,2.424004876646649,0.025354442107265052,62
Go,2014-10-01,2.5942024837803364,0.06570935144818237,62
Go,2015-01-01,3.39809756750162,0.22320957186533563,62
Go,2015-04-01,3.696413497186184,0.28757784718539603,62
Go,2015-07-01,4.027124278932366,0.3588737471635824,62
Go,2015-10-01,3.717228174831367,0.2859404716777341,62
Go,2016-01-01,4.046572505112327,0.3417898416060187,62
Go,2016-04-01,3.983760778326865,0.3349261791375516,62
Go,2016-07-01,4.056371970755086,0.34479049439211257,62
Go,2016-10-01,4.010777882258907,0.3406053228275721,62
Go,2017-01-01,4.262062761738082,0.391766643182737,62
Go,2017-04-01,4.286033446618303,0.398788210336615,62
Go,2017-07-01,4.382675669180747,0.42987561217383213,62
Go,2017-10-01,3.967766074198927,0.35919033278926177,62
Go,2018-01-01,3.943041238084905,0.36035734097775496,62
Go,2018-04-01,4.539525801582254,0.44300194606656634,62
Go,2018-07-01,4.699680610028381,0.45578138294400095,62
Go,2018-10-01,4.438412816153978,0.4101334412190241,62
Go,2019-01-01,4.599514832777943,0.4428317787232737,62
Go,2019-04-01,4.701149607905298,0.46370831231442416,62
Go,2019-07-01,4.971698413890654,0.5091884486895213,62
Go,2019-10-01,4.9770117732128885,0.501821853017779,62
Go,2020-01-01,5.164111702239237,0.5314489654755827,62
Go,2020-04-01,5.136864258675107,0.5294837689469643,62
Go,2020-07-01,5.065315283982263,0.5372781867087477,62
Go,2020-10-01,4.285083044589015,0.39979202075413645,62
Go,2021-01-01,4.100322016015363,0.3954976043861664,62
Go,2021-04-01,5.261605857405112,0.5608363330932652,62
Go,2021-07-01,3.490750546201021,0.3582756048831655,62
Go,2021-10-01,1.856925619432628,0.08023071276638709,62
Go,2022-01-01,2.2936371725125992,0.18573128559138632,62
Go,2022-04-01,2.4130994243935464,0.21970696914410504,62
Go,2022-07-01,2.2508044257091573,0.19694976089190594,62
Go,2022-10-01,2.53914296284734,0.23942283252755375,62
Go,2023-01-01,3.2121430947019447,0.3876826628758155,62
Go,2023-04-01,8.073286797757575,0.9390566531564128,62
Go,2023-07-01,8.619908588179781,1.0068166941524228,62
Go,2023-10-01,8.199443751170351,0.9574649330923023,62
Go,2024-01-01,8.09953746774571,0.9437247689501164,62
Go,2024-04-01,9.118812432697236,1.0573320953505851,62
Go,2024-07-01,8.007681934060807,0.9255423109312028,62
Go,2024-10-01,8.07368544446829,0.9362800237028583,62
Go,2025-01-01,8.425424838057639,0.9718312000872447,62
Go,2025-04-01,8.387718195440277,0.9741484430265066,62
Go,2025-07-01,8.404905925455896,0.971135026945989,62
Go,2025-10-01,7.1604081190292,0.8245705548584024,62
Go,2026-01-01,7.320355979364132,0.8477241398260852,62
Go,2026-04-01,7.648583911178243,0.8870099632685727,62
Haskell,2011-01-01,1.6633494145684338,-0.16737637425076193,62
Haskell,2011-04-01,1.4515741553641064,-0.2552734271352928,62
Haskell,2011-07-01,1.6266465271055672,-0.20331580491116505,62
Haskell,2011-10-01,1.606616355548658,-0.207184883664748,62
Haskell,2012-01-01,1.5748139354568995,-0.21155967720493693,62
Haskell,2012-04-01,0.6937916245860876,-0.5214040696805577,62
Haskell,2012-07-01,0.6084638453366525,-0.570254581702905,62
Haskell,2012-10-01,0.5796415864976111,-0.5970376052558412,62
Haskell,2013-01-01,0.6495173731861854,-0.5769784497952235,62
Haskell,2013-04-01,0.469046006221627,-0.6864675947475838,62
Haskell,2013-07-01,0.4317627563770519,-0.72734896565375,62
Haskell,2013-10-01,0.4103883078534276,-0.7567126431060128,62
Haskell,2014-01-01,0.4106429499832371,-0.7705184476735983,62
Haskell,2014-04-01,0.651666219357691,-0.6645012252922657,62
Haskell,2014-07-01,0.5871045864872454,-0.7411191802876455,62
Haskell,2014-10-01,0.5593202465278373,-0.7727985230456494,62
Haskell,2015-01-01,0.912399174130269,-0.6570583006520361,62
Haskell,2015-04-01,0.8527686004866966,-0.7052601752703435,62
Haskell,2015-07-01,0.8133399786877075,-0.7405815626753661,62
Haskell,2015-10-01,0.7509539695813982,-0.7854129181574664,62
Haskell,2016-01-01,0.6324534659716986,-0.8936969898573498,62
Haskell,2016-04-01,0.651506483960918,-0.8758772270719484,62
Haskell,2016-07-01,0.5693415938792907,-0.9331238894431155,62
Haskell,2016-10-01,0.5262626188208067,-0.9385409183824798,62
Haskell,2017-01-01,0.560020318564088,-0.9382776040281038,62
Haskell,2017-04-01,0.4969909105377528,-0.9820033767393199,62
Haskell,2017-07-01,0.4512361457368299,-0.9894400424394667,62
Haskell,2017-10-01,0.3554801742186456,-1.018485249563401,62
Haskell,2018-01-01,0.3709282993141889,-0.9907333583849033,62
Haskell,2018-04-01,0.3842029979428873,-1.036812775197904,62
Haskell,2018-07-01,0.4064421341576824,-1.0574044097685715,62
Haskell,2018-10-01,0.3966743617067648,-1.0426259117849954,62
Haskell,2019-01-01,0.2975328957272882,-1.1011448448044732,62
Haskell,2019-04-01,0.2925022462993673,-1.1022648764968035,62
Haskell,2019-07-01,0.2474957155086984,-1.1426562478608389,62
Haskell,2019-10-01,0.2950845733725885,-1.1269747886419677,62
Haskell,2020-01-01,0.2920373414463454,-1.1445907093462286,62
Haskell,2020-04-01,0.3056290996260202,-1.1383423894408975,62
Haskell,2020-07-01,0.2792823080212641,-1.1017378483401619,62
Haskell,2020-10-01,0.276634427939221,-1.0938601109832966,62
Haskell,2021-01-01,0.2211853328947491,-1.071174593492096,62
Haskell,2021-04-01,0.2563948991822564,-1.1329326510601863,62
Haskell,2021-07-01,0.1446523009334704,-0.9931389255796709,62
Haskell,2021-10-01,0.1043938612896004,-0.8347542680886563,62
Haskell,2022-01-01,0.0880747439134963,-0.8837993339472815,62
Haskell,2022-04-01,0.0976556056456034,-0.8851775273343504,62
Haskell,2022-07-01,0.0878872931530171,-0.8489739768284436,62
Haskell,2022-10-01,0.0821745703513071,-0.8905993790508646,62
Haskell,2023-01-01,0.1223721518871781,-0.8997663417401928,62
Haskell,2023-04-01,0.2489682037080136,-1.178358645824465,62
Haskell,2023-07-01,0.2409296798306915,-1.2076229725749525,62
Haskell,2023-10-01,0.2670881287003166,-1.2020795396108157,62
Haskell,2024-01-01,0.2013906576554532,-1.2400003006903173,62
Haskell,2024-04-01,0.1943268972246826,-1.2625787240247133,62
Haskell,2024-07-01,0.2138006059795509,-1.2656162104987458,62
Haskell,2024-10-01,0.2431387031636552,-1.2210297249568243,62
Haskell,2025-01-01,0.2550783399805534,-1.228613777650995,62
Haskell,2025-04-01,0.3054626452352999,-1.1872841192162793,62
Haskell,2025-07-01,0.2988850492065708,-1.1699206371571973,62
Haskell,2025-10-01,0.4557891946161839,-1.0435379623869245,62
Haskell,2026-01-01,0.4404766501811211,-1.041080390344559,62
Haskell,2026-04-01,0.4835876623047465,-1.0070822682014042,62
Java,2011-01-01,10.187571764542758,1.1585849973602165,62
Java,2011-04-01,11.31841435797888,1.2498125806592655,62
Java,2011-07-01,10.578574649471614,1.1944230854178641,62
Java,2011-10-01,10.66538367364837,1.1963931603128715,62
Java,2012-01-01,12.483310454232385,1.3332603855805587,62
Java,2012-04-01,13.860721491063815,1.4310273312958075,62
Java,2012-07-01,13.900124816922766,1.4427930363601837,62
Java,2012-10-01,15.66098395495868,1.5464769632584237,62
Java,2013-01-01,17.347672847249456,1.6426607218694136,62
Java,2013-04-01,15.89410611237282,1.5628355489994719,62
Java,2013-07-01,16.024151196839703,1.5789575202824877,62
Java,2013-10-01,16.7871629989402,1.625991754098454,62
Java,2014-01-01,16.806817865332597,1.6363626417045603,62
Java,2014-04-01,16.15385450817472,1.6166507666773342,62
Java,2014-07-01,15.37750059030844,1.5855140714757956,62
Java,2014-10-01,15.89853753993026,1.6199828488661003,62
Java,2015-01-01,14.044256200176042,1.523110105777956,62
Java,2015-04-01,14.318055109929723,1.5495315538914223,62
Java,2015-07-01,13.2577742358249,1.482887592175644,62
Java,2015-10-01,13.618913823806652,1.5086731834864544,62
Java,2016-01-01,13.000222767585443,1.4587648878206891,62
Java,2016-04-01,13.47250110359961,1.5035993186977425,62
Java,2016-07-01,13.588644575946454,1.5021227537564703,62
Java,2016-10-01,12.802148861211924,1.4308702737931782,62
Java,2017-01-01,12.874794826110172,1.452401351646738,62
Java,2017-04-01,12.896743821283108,1.4566850336300972,62
Java,2017-07-01,11.753041838568455,1.363891050826384,62
Java,2017-10-01,11.331208373646785,1.323555722874949,62
Java,2018-01-01,9.954598388712183,1.1987005128070214,62
Java,2018-04-01,10.971474489281672,1.2653154719685553,62
Java,2018-07-01,11.444621252991515,1.300185307719943,62
Java,2018-10-01,11.756929807851131,1.3212783552682017,62
Java,2019-01-01,11.61723402929458,1.3006407986382191,62
Java,2019-04-01,11.388817066618046,1.2826579167965015,62
Java,2019-07-01,11.336740449384516,1.2745641655289812,62
Java,2019-10-01,12.806733225764418,1.393502177149482,62
Java,2020-01-01,12.808823947592671,1.3966088623993214,62
Java,2020-04-01,13.062810725239444,1.4231053483285638,62
Java,2020-07-01,11.691657410343533,1.3148860122829331,62
Java,2020-10-01,10.350334467921876,1.2034223120140017,62
Java,2021-01-01,9.240312041995908,1.1106604434317824,62
Java,2021-04-01,11.191570748564905,1.2634753968308146,62
Java,2021-07-01,6.977915673739496,0.9264148418328562,62
Java,2021-10-01,4.2128399812306805,0.6591699712357588,62
Java,2022-01-01,4.629476047152678,0.7033395904342332,62
Java,2022-04-01,4.483409713579721,0.6814597260993378,62
Java,2022-07-01,4.192931127564294,0.6444897292497392,62
Java,2022-10-01,4.600687879939993,0.6771647179513326,62
Java,2023-01-01,4.838850375804542,0.7055834247331472,62
Java,2023-04-01,11.584729972095168,1.2883787313275594,62
Java,2023-07-01,11.83560113698827,1.3186456528726447,62
Java,2023-10-01,12.767019393916415,1.3966163489121766,62
Java,2024-01-01,13.514575620835116,1.4473174937497886,62
Java,2024-04-01,12.717412272994377,1.3876737566044628,62
Java,2024-07-01,12.367678006633804,1.3571028509044165,62
Java,2024-10-01,12.359777136938282,1.356153211350099,62
Java,2025-01-01,11.771265341712253,1.3033767843229196,62
Java,2025-04-01,12.778262980837903,1.3945160024058545,62
Java,2025-07-01,12.301497761607632,1.3460287872206105,62
Java,2025-10-01,11.81811483239087,1.3139540258637663,62
Java,2026-01-01,11.71462625242424,1.3044325676760666,62
Java,2026-04-01,11.45338960677588,1.278732771870307,62
JavaScript,2011-01-01,15.705143813112986,1.5289782283819562,62
JavaScript,2011-04-01,15.391467703668576,1.5161411118509158,62
JavaScript,2011-07-01,16.222430357029666,1.5685385232619142,62
JavaScript,2011-10-01,17.19323300676123,1.6126449686968414,62
JavaScript,2012-01-01,17.04700380909643,1.6052682876583655,62
JavaScript,2012-04-01,18.9016232679952,1.6936105326963622,62
JavaScript,2012-07-01,19.58477266072053,1.735045729804019,62
JavaScript,2012-10-01,18.67098074911712,1.6975818560123228,62
JavaScript,2013-01-01,18.50462069694092,1.6990022794724877,62
JavaScript,2013-04-01,19.20303477078973,1.727565474886031,62
JavaScript,2013-07-01,20.63019171471404,1.8020279838286954,62
JavaScript,2013-10-01,21.370107667984215,1.8415007110682236,62
JavaScript,2014-01-01,22.045410595537803,1.881162611205229,62
JavaScript,2014-04-01,22.936831418541036,1.9414059346119157,62
JavaScript,2014-07-01,23.8069937815459,1.999421182475457,62
JavaScript,2014-10-01,23.551351764057653,1.9950595351780027,62
JavaScript,2015-01-01,23.731165206722643,2.048501350182888,62
JavaScript,2015-04-01,23.974730439987407,2.071326942367692,62
JavaScript,2015-07-01,25.24222715074516,2.140685631907758,62
JavaScript,2015-10-01,24.785348093751512,2.122139824348147,62
JavaScript,2016-01-01,24.377666644301364,2.1098782560879616,62
JavaScript,2016-04-01,24.831338621003045,2.138697976371614,62
JavaScript,2016-07-01,23.473787618628418,2.067203674978678,62
JavaScript,2016-10-01,23.79740456296849,2.0613295863588923,62
JavaScript,2017-01-01,24.68890903970534,2.126255260642899,62
JavaScript,2017-04-01,24.6961227282858,2.129438024984158,62
JavaScript,2017-07-01,26.854352404265647,2.2098037955985417,62
JavaScript,2017-10-01,28.56796772513993,2.2512152200692417,62
JavaScript,2018-01-01,29.84938119990592,2.289437132416511,62
JavaScript,2018-04-01,23.43331723342603,2.026595209948123,62
JavaScript,2018-07-01,19.812742933769997,1.8562994050580415,62
JavaScript,2018-10-01,20.546208821378983,1.8814016401934817,62
JavaScript,2019-01-01,19.99731860919193,1.8384516844364756,62
JavaScript,2019-04-01,20.046378477021904,1.8418316372762649,62
JavaScript,2019-07-01,19.60478629679838,1.8156609352516913,62
JavaScript,2019-10-01,17.550572063466355,1.7080523849439455,62
JavaScript,2020-01-01,17.187316682979095,1.6920342962355879,62
JavaScript,2020-04-01,18.949831908784343,1.799950872945575,62
JavaScript,2020-07-01,22.11453762437009,1.946271854437028,62
JavaScript,2020-10-01,23.214551383700663,2.000058475353026,62
JavaScript,2021-01-01,25.63294314643333,2.0913445277528737,62
JavaScript,2021-04-01,20.45363938090372,1.8594401081349574,62
JavaScript,2021-07-01,31.027939853070773,2.3005808856464216,62
JavaScript,2021-10-01,37.85719470983228,2.592984508208866,62
JavaScript,2022-01-01,36.558668674049486,2.5360237543217248,62
JavaScript,2022-04-01,36.76933490180031,2.5609470355104436,62
JavaScript,2022-07-01,36.113315745763146,2.52359871119315,62
JavaScript,2022-10-01,33.95720576742913,2.423569758596558,62
JavaScript,2023-01-01,34.997392714847585,2.476251979981626,62
JavaScript,2023-04-01,15.058894191084812,1.5486794526381067,62
JavaScript,2023-07-01,14.081777785979671,1.4930183421618983,62
JavaScript,2023-10-01,13.79893470586354,1.475353640828464,62
JavaScript,2024-01-01,13.251314409636992,1.4275760432731872,62
JavaScript,2024-04-01,13.453322098980076,1.4444099129284946,62
JavaScript,2024-07-01,13.052620052848871,1.4117299897978737,62
JavaScript,2024-10-01,13.0948822614552,1.4142858883429092,62
JavaScript,2025-01-01,12.978245890290538,1.4019328944156273,62
JavaScript,2025-04-01,13.27577669701522,1.4333787908170719,62
JavaScript,2025-07-01,12.729170780119135,1.380253857318732,62
JavaScript,2025-10-01,13.100391527091816,1.4172821212126288,62
JavaScript,2026-01-01,13.57274163317838,1.4513379389065098,62
JavaScript,2026-04-01,13.528218748804438,1.4442976503543665,62
Julia,2011-01-01,0.0005984822085803,-1.0718361829362673,62
Julia,2011-04-01,0.0005880287522331,-1.0907546046272636,62
Julia,2011-07-01,0.0004329845868922,-1.1128199441549906,62
Julia,2011-10-01,0.0002463864294504,-1.1042759681611825,62
Julia,2012-01-01,0.0007203019471657,-1.0933408428826428,62
Julia,2012-04-01,0.0003512725983241,-0.9948403722071425,62
Julia,2012-07-01,0.0002350961640766,-0.9998361542914942,62
Julia,2012-10-01,0.0072419676709922,-1.0064585401158583,62
Julia,2013-01-01,0.01958078129298,-1.0202495191942644,62
Julia,2013-04-01,0.0138124208252508,-1.0280465884665497,62
Julia,2013-07-01,0.0639174850520592,-1.0039765840942483,62
Julia,2013-10-01,0.0568362496657264,-1.0280020731148927,62
Julia,2014-01-01,0.0508920106645315,-1.0499863396903963,62
Julia,2014-04-01,0.0309600070326039,-1.1238569339480424,62
Julia,2014-07-01,0.0714457926371994,-1.1327819493211455,62
Julia,2014-10-01,0.079658830803765,-1.1419158520085853,62
Julia,2015-01-01,0.1985691997913546,-1.1509114868199608,62
Julia,2015-04-01,0.197239253437703,-1.1713681047561544,62
Julia,2015-07-01,0.2912345312707402,-1.1067206793962694,62
Julia,2015-10-01,0.269266107335832,-1.1331997678639465,62
Julia,2016-01-01,0.2178580299245271,-1.2144286776581852,62
Julia,2016-04-01,0.2419154233311213,-1.1883443239373013,62
Julia,2016-07-01,0.2366825581390695,-1.1933216093204109,62
Julia,2016-10-01,0.1403730849059973,-1.2521664233618708,62
Julia,2017-01-01,0.1173639685689591,-1.3033559052518378,62
Julia,2017-04-01,0.1211844064550351,-1.298382454158042,62
Julia,2017-07-01,0.0943879938573943,-1.2950313232980717,62
Julia,2017-10-01,0.0987225989417438,-1.2412439660133487,62
Julia,2018-01-01,0.0874328057669654,-1.2347932549533296,62
Julia,2018-04-01,0.0971176447302752,-1.2848436386509514,62
Julia,2018-07-01,0.1321649759300925,-1.2919835938395272,62
Julia,2018-10-01,0.1074776017422769,-1.290569741395127,62
Julia,2019-01-01,0.1129416624011713,-1.263183650151295,62
Julia,2019-04-01,0.0797774582274199,-1.2920119347249464,62
Julia,2019-07-01,0.1038248484677371,-1.2717292098743778,62
Julia,2019-10-01,0.092949643369376,-1.3077058214038053,62
Julia,2020-01-01,0.1051620396810652,-1.3121688982015625,62
Julia,2020-04-01,0.101355848071083,-1.3216995987928428,62
Julia,2020-07-01,0.0858153879674901,-1.2744220284682553,62
Julia,2020-10-01,0.075245862934416,-1.2743585364876773,62
Julia,2021-01-01,0.0867255681646903,-1.1908623860498146,62
Julia,2021-04-01,0.108648508043702,-1.2648587956056017,62
Julia,2021-07-01,0.074007873199445,-1.0561199589543246,62
Julia,2021-10-01,0.0297737037651358,-0.9021014855446264,62
Julia,2022-01-01,0.0415294656935426,-0.9260168797200672,62
Julia,2022-04-01,0.0528138081259276,-0.9258009443427989,62
Julia,2022-07-01,0.0420220484602706,-0.8901304877157691,62
Julia,2022-10-01,0.0435574395709413,-0.9252531195017443,62
Julia,2023-01-01,0.0576929866010235,-0.9575463835324073,62
Julia,2023-04-01,0.0981658950452831,-1.3157560084490245,62
Julia,2023-07-01,0.1201772166829207,-1.3183181859742334,62
Julia,2023-10-01,0.087061912782698,-1.3690141846555561,62
Julia,2024-01-01,0.0881504996302812,-1.3467740260082166,62
Julia,2024-04-01,0.0818106935078657,-1.3700037189475176,62
Julia,2024-07-01,0.0836858792948275,-1.3895743054485843,62
Julia,2024-10-01,0.0885035387435922,-1.3651972389487714,62
Julia,2025-01-01,0.1053162387041916,-1.3672910352074041,62
Julia,2025-04-01,0.1139585375459986,-1.3610861456984547,62
Julia,2025-07-01,0.1211035157151361,-1.3291083311876377,62
Julia,2025-10-01,0.1746904162116562,-1.2760493458173288,62
Julia,2026-01-01,0.1041903517276533,-1.3274189537132373,62
Julia,2026-04-01,0.0768593465178809,-1.351335147440101,62
Kotlin,2011-01-01,0.0586342427083017,-1.0197469490796776,62
Kotlin,2011-04-01,0.0457481631781223,-1.049598111318774,62
Kotlin,2011-07-01,0.0869401137100674,-1.0346779964689599,62
Kotlin,2011-10-01,0.0889916451872659,-1.0246586854807054,62
Kotlin,2012-01-01,0.0839660774951076,-1.0187844005189164,62
Kotlin,2012-04-01,0.0530201652856145,-0.9487110058248732,62
Kotlin,2012-07-01,0.1067697000627322,-0.9083117307480852,62
Kotlin,2012-10-01,0.1693990687072432,-0.8706399089623512,62
Kotlin,2013-01-01,0.1177907178236341,-0.9355163775060636,62
Kotlin,2013-04-01,0.1774358462966943,-0.8902517867165273,62
Kotlin,2013-07-01,0.2494172801998501,-0.854255583756878,62
Kotlin,2013-10-01,0.2157965250534039,-0.8962802381709303,62
Kotlin,2014-01-01,0.3302097957007945,-0.8262484414060195,62
Kotlin,2014-04-01,0.354252635062235,-0.8580069496937333,62
Kotlin,2014-07-01,0.2944698518023153,-0.9442862594949024,62
Kotlin,2014-10-01,0.3801153818367155,-0.8953836895329168,62
Kotlin,2015-01-01,0.1971803223980712,-1.1521370046456139,62
Kotlin,2015-04-01,0.208685488592585,-1.1612113675266578,62
Kotlin,2015-07-01,0.2295457797694799,-1.1595046881812088,62
Kotlin,2015-10-01,0.3306177890570858,-1.0821709298926727,62
Kotlin,2016-01-01,0.4051542924987651,-1.0578304329475021,62
Kotlin,2016-04-01,0.4747914249794646,-0.9999411512426086,62
Kotlin,2016-07-01,0.4943238251406686,-0.9866244210103551,62
Kotlin,2016-10-01,0.5070684944973732,-0.952158718242385,62
Kotlin,2017-01-01,0.6438937185195971,-0.8809890435347751,62
Kotlin,2017-04-01,0.7930386818165843,-0.7845016447412694,62
Kotlin,2017-07-01,0.8908850672381362,-0.7028966024656107,62
Kotlin,2017-10-01,0.9075553901090824,-0.656073255845237,62
Kotlin,2018-01-01,0.8407394748876539,-0.6802922621678855,62
Kotlin,2018-04-01,0.9585488257142204,-0.6664502017168006,62
Kotlin,2018-07-01,1.0390760893825564,-0.6557541575736451,62
Kotlin,2018-10-01,1.0633640834988352,-0.6255793870011034,62
Kotlin,2019-01-01,1.0377007402870024,-0.6245493104196814,62
Kotlin,2019-04-01,1.030956267400613,-0.6254028719496492,62
Kotlin,2019-07-01,0.9908532367705803,-0.6495742180572389,62
Kotlin,2019-10-01,1.074264922283111,-0.6253132442020887,62
Kotlin,2020-01-01,1.1530919882519477,-0.5968052940727637,62
Kotlin,2020-04-01,1.167132216519146,-0.5922680476884666,62
Kotlin,2020-07-01,1.207200283072445,-0.5273185989066694,62
Kotlin,2020-10-01,1.1551752430400888,-0.5433113878958399,62
Kotlin,2021-01-01,1.0416654619847032,-0.5438595288028403,62
Kotlin,2021-04-01,1.3365765731078727,-0.47866224279069314,62
Kotlin,2021-07-01,0.8205461051485554,-0.534366698151787,62
Kotlin,2021-10-01,0.4926341965425198,-0.5447489296125274,62
Kotlin,2022-01-01,0.528646907166766,-0.5555062961905395,62
Kotlin,2022-04-01,0.576429098426241,-0.5326240246650518,62
Kotlin,2022-07-01,0.4842041718040996,-0.5521644601447577,62
Kotlin,2022-10-01,0.4944930483543917,-0.582738899258307,62
Kotlin,2023-01-01,0.5875805742335508,-0.562197062285437,62
Kotlin,2023-04-01,1.5187673144054037,-0.42936606612045136,62
Kotlin,2023-07-01,1.4963503485162335,-0.45183961835757747,62
Kotlin,2023-10-01,1.4977965021349735,-0.4627535354928512,62
Kotlin,2024-01-01,1.6454996018612835,-0.38863864075204146,62
Kotlin,2024-04-01,1.5075755550098286,-0.45728813996909573,62
Kotlin,2024-07-01,1.586040200864439,-0.4387380057686938,62
Kotlin,2024-10-01,1.6206667603252602,-0.4116183271517878,62
Kotlin,2025-01-01,1.658362772393381,-0.40952299527413016,62
Kotlin,2025-04-01,1.788975560805454,-0.3556019165981011,62
Kotlin,2025-07-01,1.7166820621906949,-0.3718827066394331,62
Kotlin,2025-10-01,1.6210784234409883,-0.40625253898876074,62
Kotlin,2026-01-01,1.3906287574441571,-0.49548072870056004,62
Kotlin,2026-04-01,1.2773879316564225,-0.5466316290699339,62
Lua,2011-01-01,0.3609430703676523,-0.7876714258106041,62
Lua,2011-04-01,0.4098410294425906,-0.7710762112668446,62
Lua,2011-07-01,0.4666386991854503,-0.7523817696517133,62
Lua,2011-10-01,0.463448218159434,-0.7478499514819835,62
Lua,2012-01-01,0.5192835520750825,-0.7037768758112904,62
Lua,2012-04-01,0.3446268267343047,-0.7289437695316942,62
Lua,2012-07-01,0.4788883956192919,-0.6462055055301986,62
Lua,2012-10-01,0.2877292125017999,-0.7829381240353808,62
Lua,2013-01-01,0.2420369606375777,-0.8384035214180077,62
Lua,2013-04-01,0.287055339268213,-0.808270076356113,62
Lua,2013-07-01,0.2620890518289409,-0.8448550811058693,62
Lua,2013-10-01,0.2061671386246477,-0.9037554234841972,62
Lua,2014-01-01,0.2666876824029637,-0.8726969371367989,62
Lua,2014-04-01,0.433027695437984,-0.8028994393799737,62
Lua,2014-07-01,0.5072298864766224,-0.7925941476185617,62
Lua,2014-10-01,0.4363220257509579,-0.855300860870187,62
Lua,2015-01-01,0.7229582838681781,-0.7673181172714665,62
Lua,2015-04-01,0.6724990749576646,-0.814524783079413,62
Lua,2015-07-01,0.6473753877208249,-0.8440784994362794,62
Lua,2015-10-01,0.6655480958481256,-0.8394708054856942,62
Lua,2016-01-01,1.0307607905050236,-0.6546987728151746,62
Lua,2016-04-01,0.8510156988287918,-0.7508537520023777,62
Lua,2016-07-01,0.8604549912557417,-0.747262796297657,62
Lua,2016-10-01,0.7355850569051503,-0.8002473420235386,62
Lua,2017-01-01,0.8254310524049463,-0.7663999933975677,62
Lua,2017-04-01,0.7203003646152839,-0.8298266510129776,62
Lua,2017-07-01,0.638071829363388,-0.8583071955929263,62
Lua,2017-10-01,0.5055790267923627,-0.9070867668458681,62
Lua,2018-01-01,0.460507686889549,-0.9240517740465258,62
Lua,2018-04-01,0.4790829908998439,-0.9660675151848949,62
Lua,2018-07-01,0.5228766008374943,-0.9713960530404252,62
Lua,2018-10-01,0.4742584499701776,-0.9848517122658593,62
Lua,2019-01-01,0.484307618981898,-0.9591413164294615,62
Lua,2019-04-01,0.467326048344366,-0.9684035454134465,62
Lua,2019-07-01,0.4328815259604536,-0.9965019577274554,62
Lua,2019-10-01,0.3854354736823588,-1.0551508123659894,62
Lua,2020-01-01,0.4498651835869903,-1.0209676128024043,62
Lua,2020-04-01,0.4767040394741183,-1.0056520213610896,62
Lua,2020-07-01,0.3951582790299364,-1.0104199649618504,62
Lua,2020-10-01,0.4620576096301639,-0.951274819470256,62
Lua,2021-01-01,0.3830953967731692,-0.9434333955549739,62
Lua,2021-04-01,0.407686032856203,-1.0130322123319262,62
Lua,2021-07-01,0.2362404959764556,-0.9170380170284054,62
Lua,2021-10-01,0.1466898903068036,-0.7985738154366642,62
Lua,2022-01-01,0.1836444095677311,-0.8025033834511119,62
Lua,2022-04-01,0.2220718781546787,-0.7806042016625648,62
Lua,2022-07-01,0.1810822330638294,-0.7704401275874426,62
Lua,2022-10-01,0.2060564033894575,-0.7872367723036809,62
Lua,2023-01-01,0.2136776609019618,-0.8236300668370684,62
Lua,2023-04-01,0.5316368178923878,-0.960512086893824,62
Lua,2023-07-01,0.5268965675394106,-0.9833903166532049,62
Lua,2023-10-01,0.5612244879106865,-0.9746795122257194,62
Lua,2024-01-01,0.5262662552242571,-0.9818625236850531,62
Lua,2024-04-01,0.5191748565169517,-1.0013791703616712,62
Lua,2024-07-01,0.47523449949512,-1.0523726909855253,62
Lua,2024-10-01,0.4612728411021764,-1.0455695928124293,62
Lua,2025-01-01,0.401183509015152,-1.1084323418690372,62
Lua,2025-04-01,0.3837695983866402,-1.1234616533885882,62
Lua,2025-07-01,0.3344595974602272,-1.1406985553629911,62
Lua,2025-10-01,0.3573556902171137,-1.1194109176471878,62
Lua,2026-01-01,0.3745076030039184,-1.091569510657172,62
Lua,2026-04-01,0.373732793864114,-1.089737424659525,62
Objective-C,2011-01-01,1.7810776203514702,-0.1274151538950616,62
Objective-C,2011-04-01,1.7819653223617722,-0.13740419248802566,62
Objective-C,2011-07-01,1.94936075530222,-0.09413055347605646,62
Objective-C,2011-10-01,1.8560608015170936,-0.12158776616898057,62
Objective-C,2012-01-01,2.098091903156549,-0.038937782957737574,62
Objective-C,2012-04-01,1.366243285136312,-0.22083374358283048,62
Objective-C,2012-07-01,1.249237512074183,-0.26703306369205093,62
Objective-C,2012-10-01,1.4114535651655036,-0.2121377554214647,62
Objective-C,2013-01-01,1.3118275014586505,-0.26595918960390513,62
Objective-C,2013-04-01,1.2788003513497963,-0.28213396196453977,62
Objective-C,2013-07-01,1.586858279311782,-0.17629162566177922,62
Objective-C,2013-10-01,1.7771393091311287,-0.11976449150742094,62
Objective-C,2014-01-01,1.669289432125591,-0.16511242987798339,62
Objective-C,2014-04-01,1.5738304618231946,-0.23212781796057927,62
Objective-C,2014-07-01,1.4377437202868544,-0.3133116424251406,62
Objective-C,2014-10-01,1.3513848851477173,-0.36035407639673195,62
Objective-C,2015-01-01,1.605037149738461,-0.33035783462863166,62
Objective-C,2015-04-01,1.6925680674881756,-0.30623868463318066,62
Objective-C,2015-07-01,1.761003398122454,-0.28726468371877245,62
Objective-C,2015-10-01,1.65936173367343,-0.33362846939283763,62
Objective-C,2016-01-01,1.4135543495655716,-0.4656579695816327,62
Objective-C,2016-04-01,1.3955001105344025,-0.4681777639593259,62
Objective-C,2016-07-01,1.2556345846578247,-0.5368859645862344,62
Objective-C,2016-10-01,1.1349186385916352,-0.5774196518130628,62
Objective-C,2017-01-01,1.0213082022358273,-0.6548955728523713,62
Objective-C,2017-04-01,0.9913409342091484,-0.6696959206679345,62
Objective-C,2017-07-01,0.8628882630583466,-0.7190487771866463,62
Objective-C,2017-10-01,0.69062167680571,-0.7841296833381194,62
Objective-C,2018-01-01,0.5307549348007403,-0.8745621409104313,62
Objective-C,2018-04-01,0.6067380402241274,-0.8777303241310863,62
Objective-C,2018-07-01,0.6061423021319111,-0.9138312063812185,62
Objective-C,2018-10-01,0.5174256725222952,-0.954009390587425,62
Objective-C,2019-01-01,0.5032460403897494,-0.9457540076380705,62
Objective-C,2019-04-01,0.5366171975247724,-0.9197160073507575,62
Objective-C,2019-07-01,0.4932151380886648,-0.9529939427893128,62
Objective-C,2019-10-01,0.4958990342794734,-0.9734493684302655,62
Objective-C,2020-01-01,0.5387742684852539,-0.9571282637380922,62
Objective-C,2020-04-01,0.5027315082688394,-0.9868232089045907,62
Objective-C,2020-07-01,0.4407749050701183,-0.9765364817003894,62
Objective-C,2020-10-01,0.3952081602996645,-1.0004805218777295,62
Objective-C,2021-01-01,0.3575815532829683,-0.9625369877832491,62
Objective-C,2021-04-01,0.4004856952744489,-1.018439971393944,62
Objective-C,2021-07-01,0.2220655474157729,-0.9284396269845715,62
Objective-C,2021-10-01,0.1332263825065615,-0.8099437853508609,62
Objective-C,2022-01-01,0.1442849310681336,-0.8351597611448066,62
Objective-C,2022-04-01,0.1594130955822847,-0.8318665033462003,62
Objective-C,2022-07-01,0.1263580706348695,-0.8157694164106194,62
Objective-C,2022-10-01,0.1287996659209866,-0.8503711153398764,62
Objective-C,2023-01-01,0.14546330159336,-0.8799417401748613,62
Objective-C,2023-04-01,0.3131325961509044,-1.124865475099183,62
Objective-C,2023-07-01,0.339877309334925,-1.1246699480864053,62
Objective-C,2023-10-01,0.3259802910169369,-1.1525898937271066,62
Objective-C,2024-01-01,0.3334037261796486,-1.1275591758953867,62
Objective-C,2024-04-01,0.4001419175570382,-1.0899644258674168,62
Objective-C,2024-07-01,0.3947652472532103,-1.1136921615561888,62
Objective-C,2024-10-01,0.3709389090328041,-1.114825312308753,62
Objective-C,2025-01-01,0.3458602592281162,-1.1523971283011953,62
Objective-C,2025-04-01,0.4309116956840112,-1.086758865081337,62
Objective-C,2025-07-01,0.4394362178042177,-1.0588025079248695,62
Objective-C,2025-10-01,0.4072938992827506,-1.080254862856907,62
Objective-C,2026-01-01,0.4641335599865421,-1.0235361811751749,62
Objective-C,2026-04-01,0.4557037393091954,-1.0274676913745697,62
PHP,2011-01-01,9.950694042741576,1.1388134849942486,62
PHP,2011-04-01,9.19067014020689,1.0730258003226907,62
PHP,2011-07-01,9.91189729500828,1.1385467420432553,62
PHP,2011-10-01,11.087076864843665,1.2296531664917691,62
PHP,2012-01-01,10.903673365483812,1.2169977036101816,62
PHP,2012-04-01,12.405738090651704,1.3383942364739345,62
PHP,2012-07-01,12.75277398513499,1.3703325443497554,62
PHP,2012-10-01,12.777945254631971,1.3736029700227324,62
PHP,2013-01-01,12.637676739670592,1.3693161917290695,62
PHP,2013-04-01,12.831762895644315,1.3786465320853567,62
PHP,2013-07-01,12.10701735997208,1.3353663733158323,62
PHP,2013-10-01,11.646970265056323,1.3053732164804794,62
PHP,2014-01-01,11.88743643800679,1.3294400457270303,62
PHP,2014-04-01,11.6242059500903,1.3178106874756217,62
PHP,2014-07-01,11.272087046645222,1.297843420291324,62
PHP,2014-10-01,11.580067607935424,1.3236552077193893,62
PHP,2015-01-01,10.20165457499293,1.2113697196221933,62
PHP,2015-04-01,9.630495319211182,1.1595927709745062,62
PHP,2015-07-01,9.248534571362493,1.1268883165933599,62
PHP,2015-10-01,9.14105268502782,1.1133189361796203,62
PHP,2016-01-01,8.364244017657064,1.018511159206965,62
PHP,2016-04-01,8.574556263601913,1.0506937874203304,62
PHP,2016-07-01,7.841252533597445,0.9551121875535767,62
PHP,2016-10-01,7.569144353185251,0.9179756957008807,62
PHP,2017-01-01,7.782170043711138,0.9520854726391706,62
PHP,2017-04-01,7.034570600748621,0.8570255320387493,62
PHP,2017-07-01,6.766685764944872,0.826896758415183,62
PHP,2017-10-01,7.718698876224087,0.9558438087989382,62
PHP,2018-01-01,8.646032388917584,1.0646835251339966,62
PHP,2018-04-01,9.229725499599974,1.0975390575958937,62
PHP,2018-07-01,10.171798852312614,1.1835119681095085,62
PHP,2018-10-01,7.8615345944728094,0.9318990092422876,62
PHP,2019-01-01,8.2551604427147,0.9734310109496075,62
PHP,2019-04-01,8.369997280468224,0.9879669908416123,62
PHP,2019-07-01,8.022905231590437,0.944578345641374,62
PHP,2019-10-01,6.007651700903563,0.6712487182497295,62
PHP,2020-01-01,5.9885943714191,0.6661044053717637,62
PHP,2020-04-01,5.875861833087619,0.6520176554919318,62
PHP,2020-07-01,5.282734248245468,0.5743690866492132,62
PHP,2020-10-01,5.657666345482188,0.6425349557897632,62
PHP,2021-01-01,5.007510438152217,0.5634634725663749,62
PHP,2021-04-01,5.663463470964825,0.6264306939063672,62
PHP,2021-07-01,3.638867865460164,0.3903580270678844,62
PHP,2021-10-01,2.322799531909458,0.22565566925085073,62
PHP,2022-01-01,2.615683042014563,0.27581458723660185,62
PHP,2022-04-01,2.317480866920232,0.19203228654765797,62
PHP,2022-07-01,1.8461960627985472,0.06994904016386917,62
PHP,2022-10-01,2.305744288003708,0.17436024457104016,62
PHP,2023-01-01,2.683008987410864,0.257001735592328,62
PHP,2023-04-01,6.116004922851218,0.6796000730999978,62
PHP,2023-07-01,6.287224815497015,0.706531421272322,62
PHP,2023-10-01,6.781408741377762,0.7751021593217458,62
PHP,2024-01-01,6.872105823383482,0.7874495143833535,62
PHP,2024-04-01,6.433203861515762,0.7224634987519019,62
PHP,2024-07-01,6.048798959611255,0.6574630246762848,62
PHP,2024-10-01,6.892252100158672,0.7848827907895247,62
PHP,2025-01-01,6.2772419077934805,0.6895372769409447,62
PHP,2025-04-01,6.209843703836422,0.6849615220298497,62
PHP,2025-07-01,7.0229341140007175,0.7992565776280108,62
PHP,2025-10-01,7.127365620771665,0.8201734121395973,62
PHP,2026-01-01,6.459900410103099,0.7301533573387876,62
PHP,2026-04-01,6.257700944495688,0.6986329592787569,62
Perl,2011-01-01,1.582013064986796,-0.19603046814314506,62
Perl,2011-04-01,1.6004122474359272,-0.2003234870239954,62
Perl,2011-07-01,1.5224790525678256,-0.24144358320302217,62
Perl,2011-10-01,1.5579240930611962,-0.2248464756307073,62
Perl,2012-01-01,1.165431847115056,-0.3731234278560018,62
Perl,2012-04-01,1.1126115606456854,-0.3227625676349792,62
Perl,2012-07-01,0.9838083209869584,-0.380588308087736,62
Perl,2012-10-01,1.058271095395529,-0.35622630735328425,62
Perl,2013-01-01,1.0562663852714786,-0.3738963645957657,62
Perl,2013-04-01,1.2560572373005376,-0.29137157400632363,62
Perl,2013-07-01,1.2317568335180389,-0.31384225192052956,62
Perl,2013-10-01,0.946302580379252,-0.4539487344183466,62
Perl,2014-01-01,1.0342641603160223,-0.4230054502460883,62
Perl,2014-04-01,0.9735451725822012,-0.490964484182891,62
Perl,2014-07-01,0.8415517423400487,-0.5928911148085138,62
Perl,2014-10-01,0.7909921968083297,-0.6337088321792417,62
Perl,2015-01-01,0.8157824812322787,-0.7118543742353854,62
Perl,2015-04-01,0.7351038133375186,-0.775298477077026,62
Perl,2015-07-01,0.6772075341823217,-0.8247274885348278,62
Perl,2015-10-01,0.6502584549827267,-0.8494403130064775,62
Perl,2016-01-01,0.6179043446274767,-0.9034970075232818,62
Perl,2016-04-01,0.5726886626450074,-0.9294851241589649,62
Perl,2016-07-01,0.5438870389952838,-0.9509851718611503,62
Perl,2016-10-01,0.5154764430687153,-0.946172244703351,62
Perl,2017-01-01,0.539009902554754,-0.9531110062347136,62
Perl,2017-04-01,0.5228711175739877,-0.9632437626241422,62
Perl,2017-07-01,0.5545434019505978,-0.914979305371627,62
Perl,2017-10-01,0.5365836274842045,-0.8854651294535553,62
Perl,2018-01-01,0.7190364639536038,-0.7523544692912852,62
Perl,2018-04-01,0.8037311342690583,-0.754320720140138,62
Perl,2018-07-01,1.1617197447117922,-0.5925953677292838,62
Perl,2018-10-01,1.1282199442182936,-0.5925055743140478,62
Perl,2019-01-01,0.8464062571672512,-0.7286424663856553,62
Perl,2019-04-01,0.9255663523850136,-0.6816296086029928,62
Perl,2019-07-01,1.0722623115121757,-0.6072967642136808,62
Perl,2019-10-01,1.3660652944959195,-0.4851324900753668,62
Perl,2020-01-01,1.1347724107541166,-0.6059709747247622,62
Perl,2020-04-01,1.1678673832312718,-0.591902528046846,62
Perl,2020-07-01,1.0556225566788582,-0.6022466896372592,62
Perl,2020-10-01,1.0616949965563174,-0.5899332641082906,62
Perl,2021-01-01,0.7862606040459275,-0.6809779391945904,62
Perl,2021-04-01,0.8908897260839513,-0.7018414219768381,62
Perl,2021-07-01,0.6184223381933639,-0.6507165538977454,62
Perl,2021-10-01,0.4005918860656212,-0.6060215785127617,62
Perl,2022-01-01,0.4334035595768178,-0.6176273794112148,62
Perl,2022-04-01,0.3187302001100691,-0.7064660413728125,62
Perl,2022-07-01,0.2557700716556208,-0.7118525503365974,62
Perl,2022-10-01,0.2935870010350931,-0.7204192622340687,62
Perl,2023-01-01,0.3183593455448347,-0.7430915334420746,62
Perl,2023-04-01,0.7218647283495716,-0.8355067678106411,62
Perl,2023-07-01,0.8610883668443262,-0.7693782472289045,62
Perl,2023-10-01,0.893977318380847,-0.7642083776037629,62
Perl,2024-01-01,0.9230277769287112,-0.73264206780066,62
Perl,2024-04-01,0.9548719553895632,-0.7276151815120575,62
Perl,2024-07-01,0.9180126155509094,-0.7654331403979031,62
Perl,2024-10-01,0.8923851639369682,-0.7649846666548958,62
Perl,2025-01-01,0.9705517722335189,-0.7362773314890027,62
Perl,2025-04-01,0.9130757868785792,-0.7685984388859531,62
Perl,2025-07-01,0.8644119208076136,-0.7790270183904714,62
Perl,2025-10-01,0.847268745811817,-0.7854321911335966,62
Perl,2026-01-01,0.8673170520799051,-0.7615627169914013,62
Perl,2026-04-01,0.8670055526185926,-0.7601074571691928,62
Python,2011-01-01,15.40122922607453,1.5120155340098786,62
Python,2011-04-01,15.67446448099682,1.5320999373902793,62
Python,2011-07-01,16.693986934895165,1.5939900670426121,62
Python,2011-10-01,15.905921922393054,1.5439111614200913,62
Python,2012-01-01,16.643839542078968,1.584188006423889,62
Python,2012-04-01,17.548767443130597,1.6303219145690668,62
Python,2012-07-01,18.562612191143277,1.688988585013495,62
Python,2012-10-01,17.800435372141862,1.6563975094730239,62
Python,2013-01-01,17.184123193632512,1.6344107308438576,62
Python,2013-04-01,17.650809732130508,1.6539410868820839,62
Python,2013-07-01,17.554527255632998,1.6591476173319208,62
Python,2013-10-01,17.08703949364021,1.6417083674514985,62
Python,2014-01-01,17.111988937479403,1.6524931032047505,62
Python,2014-04-01,16.486411699915955,1.6353655795819197,62
Python,2014-07-01,16.109675550987024,1.6291117307118386,62
Python,2014-10-01,15.792288568875696,1.6136495838834832,62
Python,2015-01-01,15.501587297543235,1.6208388715674344,62
Python,2015-04-01,15.56153956981436,1.6328456107022127,62
Python,2015-07-01,15.783527383709131,1.6587434536244556,62
Python,2015-10-01,15.6124567039636,1.646866789009417,62
Python,2016-01-01,14.778267811248163,1.589645510635058,62
Python,2016-04-01,15.526017889564224,1.6490557586203138,62
Python,2016-07-01,15.593051830821189,1.6427384995130028,62
Python,2016-10-01,15.009430572537264,1.5905026396798185,62
Python,2017-01-01,16.1923109389453,1.6869303299790244,62
Python,2017-04-01,16.31498474898675,1.6973777204416254,62
Python,2017-07-01,15.922675872748918,1.6702016008315919,62
Python,2017-10-01,15.05848010875091,1.6036952580545412,62
Python,2018-01-01,14.148059006921269,1.540149780993558,62
Python,2018-04-01,15.756416158618151,1.6241271466450222,62
Python,2018-07-01,16.58365078028852,1.6739879862922313,62
Python,2018-10-01,16.075930758287654,1.6329010206827401,62
Python,2019-01-01,15.758392119466984,1.600347264112379,62
Python,2019-04-01,15.240846325799293,1.5683311228633317,62
Python,2019-07-01,15.162076141192076,1.5594747715435064,62
Python,2019-10-01,15.9062502775669,1.609199329127588,62
Python,2020-01-01,15.847156555927176,1.6099309737409113,62
Python,2020-04-01,15.92819464319948,1.6229549281299558,62
Python,2020-07-01,14.688659253980118,1.5381483257689739,62
Python,2020-10-01,14.009823764993964,1.4972380479423824,62
Python,2021-01-01,13.033787407366203,1.433994971957812,62
Python,2021-04-01,15.959657796388491,1.611566610409801,62
Python,2021-07-01,10.442974736734053,1.283022383283365,62
Python,2021-10-01,6.770092632097454,1.0434333478422408,62
Python,2022-01-01,7.558352588823425,1.1078395391611313,62
Python,2022-04-01,7.059303059931935,1.0565253272020627,62
Python,2022-07-01,10.212916852530691,1.3799830377234557,62
Python,2022-10-01,12.530695809030416,1.5183750751817422,62
Python,2023-01-01,8.227220710038356,1.151069573681319,62
Python,2023-04-01,18.80519799699431,1.7725721487329118,62
Python,2023-07-01,19.151912885491058,1.806387138462673,62
Python,2023-10-01,18.660442812715317,1.7847863293481208,62
Python,2024-01-01,18.472557516905912,1.7642433871245113,62
Python,2024-04-01,17.93351921694341,1.737555802369314,62
Python,2024-07-01,18.64238574092922,1.7778275559057974,62
Python,2024-10-01,18.28491390620014,1.7545423623700558,62
Python,2025-01-01,17.648938132068707,1.7165621688231885,62
Python,2025-04-01,17.29905674862195,1.7053981874488389,62
Python,2025-07-01,16.894088618353784,1.6667923798089288,62
Python,2025-10-01,18.556090913710023,1.7717594188991301,62
Python,2026-01-01,18.80050227153672,1.781503510525266,62
Python,2026-04-01,18.66683565121136,1.76966948774782,62
R,2011-01-01,0.0449040810177978,-1.031807692730027,62
R,2011-04-01,0.0583305724470585,-1.0384475533278177,62
R,2011-07-01,0.0965582354241958,-1.0263771228602396,62
R,2011-10-01,0.0794116528931082,-1.0329346121377165,62
R,2012-01-01,0.0647306217560313,-1.0354903694865556,62
R,2012-04-01,0.0270438534234041,-0.9711663085288158,62
R,2012-07-01,0.0282724061289035,-0.9748368048189754,62
R,2012-10-01,0.0269878353490328,-0.9887943127237773,62
R,2013-01-01,0.0459023002894226,-0.9967648315763474,62
R,2013-04-01,0.1190452370609267,-0.9370946626484035,62
R,2013-07-01,0.1361564689821131,-0.9427789225317996,62
R,2013-10-01,0.1508132051102857,-0.9479186783967605,62
R,2014-01-01,0.2360069029009619,-0.8959722310381971,62
R,2014-04-01,0.3051589427506643,-0.8939965070985538,62
R,2014-07-01,0.2161320427306838,-1.0065151676498563,62
R,2014-10-01,0.2336045063920848,-1.008072152522279,62
R,2015-01-01,0.4863197726364269,-0.923476069098032,62
R,2015-04-01,0.5439184698834995,-0.8999143611072296,62
R,2015-07-01,0.54477504159212,-0.9134146560255919,62
R,2015-10-01,0.5203378796892439,-0.9380829689160783,62
R,2016-01-01,0.5338231577941789,-0.9619183587813364,62
R,2016-04-01,0.5707699229412053,-0.9308234057545929,62
R,2016-07-01,0.5560509253137902,-0.9424134109826017,62
R,2016-10-01,0.5104772571664455,-0.9497276578198791,62
R,2017-01-01,0.6092706304338068,-0.9042753963558068,62
R,2017-04-01,0.6797145414093171,-0.8559570950800846,62
R,2017-07-01,0.5945784085917709,-0.8874461250225382,62
R,2017-10-01,0.5054356114351042,-0.9071878113328213,62
R,2018-01-01,0.4556868620624508,-0.9275348653520842,62
R,2018-04-01,0.4216676023987613,-1.0083152122488213,62
R,2018-07-01,0.3835309824392151,-1.0751648413766388,62
R,2018-10-01,0.3658872357737505,-1.0664465672917176,62
R,2019-01-01,0.3564758944801577,-1.0542353569664742,62
R,2019-04-01,0.3263460099035669,-1.0749909775595639,62
R,2019-07-01,0.2881178673574512,-1.1088533394785745,62
R,2019-10-01,0.2803749184488061,-1.1391406804817152,62
R,2020-01-01,0.2936143209879584,-1.1432822996170389,62
R,2020-04-01,0.3017667035117755,-1.1415351335300543,62
R,2020-07-01,0.2405351408055279,-1.1341291600665726,62
R,2020-10-01,0.2234605253623487,-1.138589864964301,62
R,2021-01-01,0.1985727185494894,-1.09035138419148,62
R,2021-04-01,0.2521542036935814,-1.1364980003382112,62
R,2021-07-01,0.136129427886111,-1.0005278315456387,62
R,2021-10-01,0.0737230520210042,-0.8618678998937387,62
R,2022-01-01,0.0743013718302774,-0.8961009451913596,62
R,2022-04-01,0.0695952217247485,-0.9103991167498564,62
R,2022-07-01,0.0589492709152242,-0.8747339246187489,62
R,2022-10-01,0.0701882661606304,-0.9012213508789428,62
R,2023-01-01,0.0747527617065268,-0.9419702372135544,62
R,2023-04-01,0.1818823754881776,-1.2373098204343675,62
R,2023-07-01,0.1848975638458302,-1.2575831340501638,62
R,2023-10-01,0.1937344764330229,-1.2670425661356803,62
R,2024-01-01,0.2156909119489459,-1.2272383989971063,62
R,2024-04-01,0.1932365993510396,-1.2635702975493353,62
R,2024-07-01,0.2132335802481973,-1.2661270251292889,62
R,2024-10-01,0.2055605523050544,-1.2543429876192451,62
R,2025-01-01,0.188963511459146,-1.2876747163681934,62
R,2025-04-01,0.2041720094313065,-1.2757699133627032,62
R,2025-07-01,0.2530403976651139,-1.2087822176300862,62
R,2025-10-01,0.2067235417274441,-1.2468919028967682,62
R,2026-01-01,0.1916682419122235,-1.2453048975945733,62
R,2026-04-01,0.1985329550607979,-1.2363213255131198,62
Ruby,2011-01-01,19.637911051129542,1.724297220967723,62
Ruby,2011-04-01,19.205060793293185,1.7111540877112639,62
Ruby,2011-07-01,18.23324640791348,1.6725860550023486,62
Ruby,2011-10-01,16.346658727181946,1.5680156931011695,62
Ruby,2012-01-01,15.659253158142658,1.530611726083088,62
Ruby,2012-04-01,15.917660688962773,1.5475721144458354,62
Ruby,2012-07-01,14.656559612739516,1.4875741956096127,62
Ruby,2012-10-01,14.628805304734724,1.488287754930669,62
Ruby,2013-01-01,13.77770145285528,1.4432879554375169,62
Ruby,2013-04-01,13.182032299433144,1.4016780567690843,62
Ruby,2013-07-01,12.414818980083174,1.3569901297543587,62
Ruby,2013-10-01,11.13157895299944,1.2662609895865768,62
Ruby,2014-01-01,10.304348851592437,1.205024978018795,62
Ruby,2014-04-01,10.013019327484969,1.1847314381986938,62
Ruby,2014-07-01,9.56258356128605,1.1483072740666236,62
Ruby,2014-10-01,8.936408687165441,1.0867766429588102,62
Ruby,2015-01-01,7.128052892096973,0.8723536000415699,62
Ruby,2015-04-01,6.561564223651331,0.7959733518479085,62
Ruby,2015-07-01,6.408489912656147,0.776991321974363,62
Ruby,2015-10-01,5.828531318523068,0.6857959557357441,62
Ruby,2016-01-01,5.416300754198029,0.6046587428222873,62
Ruby,2016-04-01,4.792624160376501,0.49980269070399097,62
Ruby,2016-07-01,4.634822885199764,0.46309820683824676,62
Ruby,2016-10-01,4.242106518442852,0.38916879311255587,62
Ruby,2017-01-01,4.315262201225932,0.40277088562131413,62
Ruby,2017-04-01,3.8654663518556234,0.30805080468998486,62
Ruby,2017-07-01,3.659019903054713,0.2735388809004566,62
Ruby,2017-10-01,3.445805920662787,0.24144101572029408,62
Ruby,2018-01-01,3.648364699809287,0.29560438581169407,62
Ruby,2018-04-01,4.066565148900166,0.3477692269600838,62
Ruby,2018-07-01,4.040351332375931,0.32284614748602924,62
Ruby,2018-10-01,4.137425378019502,0.3492878074868736,62
Ruby,2019-01-01,4.2964960084545485,0.3840864304664822,62
Ruby,2019-04-01,3.905962145171882,0.30520341234772996,62
Ruby,2019-07-01,3.752786609539104,0.2683568341862318,62
Ruby,2019-10-01,4.385533665423719,0.3908412080622896,62
Ruby,2020-01-01,4.276191910028307,0.36460973516816086,62
Ruby,2020-04-01,4.133052127911972,0.33699821371757,62
Ruby,2020-07-01,3.69242323872196,0.266998525720388,62
Ruby,2020-10-01,3.834466426462307,0.306095751202827,62
Ruby,2021-01-01,3.522149547970409,0.27205113146064125,62
Ruby,2021-04-01,4.003527305876189,0.3243130039356076,62
Ruby,2021-07-01,2.478364157792163,0.10571542215963282,62
Ruby,2021-10-01,1.501923204573803,-0.047504683017521275,62
Ruby,2022-01-01,1.5598382050325437,-0.057657782860866605,62
Ruby,2022-04-01,1.6028461063167674,-0.04424661348100208,62
Ruby,2022-07-01,1.3705495833572712,-0.10477041012053681,62
Ruby,2022-10-01,2.0388494433345734,0.09407724625683346,62
Ruby,2023-01-01,1.9496561757639257,0.04084960034489821,62
Ruby,2023-04-01,5.151925330632237,0.5241519636760782,62
Ruby,2023-07-01,5.253487243728527,0.5411129179885605,62
Ruby,2023-10-01,4.946654694936884,0.4821674861388997,62
Ruby,2024-01-01,5.377853779011411,0.5604277381337652,62
Ruby,2024-04-01,5.462590111094107,0.5705467950764121,62
Ruby,2024-07-01,5.867122887609461,0.6289169188173515,62
Ruby,2024-10-01,6.039219250969866,0.6607405950252401,62
Ruby,2025-01-01,6.767857566385119,0.7607412934875802,62
Ruby,2025-04-01,6.08005638684909,0.6650596570141617,62
Ruby,2025-07-01,7.54167752015566,0.8670154864359381,62
Ruby,2025-10-01,7.332298668220684,0.8471615105938173,62
Ruby,2026-01-01,7.005476502464745,0.806173576242848,62
Ruby,2026-04-01,6.902193950679042,0.7900399344363933,62
Rust,2011-01-01,0.2974187786830587,-0.8318336680660605,62
Rust,2011-04-01,0.337369438648847,-0.8202763399608919,62
Rust,2011-07-01,0.3964603631239295,-0.798581270325971,62
Rust,2011-10-01,0.2786582907148913,-0.874277411226866,62
Rust,2012-01-01,0.1027373200868175,-1.00276499057501,62
Rust,2012-04-01,0.0120033564650829,-0.9844292034589178,62
Rust,2012-07-01,0.043025720419244,-0.9619544382871182,62
Rust,2012-10-01,0.0168913960832637,-0.9977835187789981,62
Rust,2013-01-01,0.0148170996881237,-1.0245645072268064,62
Rust,2013-04-01,0.014086170634797,-1.0277979448027912,62
Rust,2013-07-01,0.0217979078066023,-1.0416064209215963,62
Rust,2013-10-01,0.0520128722529147,-1.0323023376892368,62
Rust,2014-01-01,0.0689676874109977,-1.0337976069200847,62
Rust,2014-04-01,0.1681935414392234,-1.002054377420058,62
Rust,2014-07-01,0.412191618810112,-0.857519273620464,62
Rust,2014-10-01,0.4509882082139816,-0.8450999132991078,62
Rust,2015-01-01,0.9228433619312456,-0.6513015158145441,62
Rust,2015-04-01,0.9367054520541652,-0.6579651902979368,62
Rust,2015-07-01,0.8600322592953661,-0.7131690903185232,62
Rust,2015-10-01,0.7796731220688741,-0.7678259135633432,62
Rust,2016-01-01,0.87964598126028,-0.7393473736580343,62
Rust,2016-04-01,0.8347288169779492,-0.7605422103582166,62
Rust,2016-07-01,0.7828443042054143,-0.7938043473176919,62
Rust,2016-10-01,0.7710363342352621,-0.7784897678083926,62
Rust,2017-01-01,0.8535401565864483,-0.7496831472439309,62
Rust,2017-04-01,0.8794715285569796,-0.7329753832841395,62
Rust,2017-07-01,0.8397455973638619,-0.7325847914888257,62
Rust,2017-10-01,0.7821502877472951,-0.7282040352898448,62
Rust,2018-01-01,0.6975863503546237,-0.7655825815700217,62
Rust,2018-04-01,0.7943983309579168,-0.7598563201179989,62
Rust,2018-07-01,0.8267529257170525,-0.7746560718718576,62
Rust,2018-10-01,0.8458899471449579,-0.7446051261731021,62
Rust,2019-01-01,0.8666455763380858,-0.7171310545808351,62
Rust,2019-04-01,0.8653558469107099,-0.715150738951197,62
Rust,2019-07-01,0.9628014673137476,-0.6645436687690166,62
Rust,2019-10-01,1.1164505283427162,-0.6038704065678023,62
Rust,2020-01-01,1.1954860558516267,-0.5758902277125947,62
Rust,2020-04-01,1.2232689924345923,-0.5647079426395619,62
Rust,2020-07-01,1.095744787349452,-0.5818888891946227,62
Rust,2020-10-01,1.0898923889056271,-0.5756512183354641,62
Rust,2021-01-01,0.9015761973509444,-0.6167916301837982,62
Rust,2021-04-01,1.0457777327171938,-0.6188180254435787,62
Rust,2021-07-01,0.6308680538026159,-0.6431428330421177,62
Rust,2021-10-01,0.3917531675068768,-0.6121160578856046,62
Rust,2022-01-01,0.4469409016811081,-0.6085504438068589,62
Rust,2022-04-01,0.5314979639327129,-0.5607864838931043,62
Rust,2022-07-01,0.5505488570954142,-0.5103813467347879,62
Rust,2022-10-01,0.4745808951760253,-0.5955307848765722,62
Rust,2023-01-01,0.5415496229587046,-0.5908397051711362,62
Rust,2023-04-01,1.352878499779631,-0.5021137195455786,62
Rust,2023-07-01,1.5332741053626402,-0.43596338216445957,62
Rust,2023-10-01,1.3394579629783934,-0.5340945064385497,62
Rust,2024-01-01,1.40320630598714,-0.49223701663895164,62
Rust,2024-04-01,1.5361008772028828,-0.44500745391531626,62
Rust,2024-07-01,1.351154721864846,-0.5428355097991023,62
Rust,2024-10-01,1.444141176829624,-0.48730226801213716,62
Rust,2025-01-01,1.3809128202179686,-0.5298214614004284,62
Rust,2025-04-01,1.3342159232612203,-0.5506154004905582,62
Rust,2025-07-01,1.3338414475008775,-0.5361565958403199,62
Rust,2025-10-01,1.2591053447973983,-0.5673160791182656,62
Rust,2026-01-01,1.3789383762244969,-0.5007603724157833,62
Rust,2026-04-01,1.3404729478271828,-0.5172748864860126,62
Scala,2011-01-01,1.3258438094409564,-0.2925627731058072,62
Scala,2011-04-01,1.2920606229441127,-0.3179982822866723,62
Scala,2011-07-01,1.2476623722979958,-0.35013033524645776,62
Scala,2011-10-01,1.2363836128314571,-0.3506668241198993,62
Scala,2012-01-01,1.3729674187226235,-0.287729784031218,62
Scala,2012-04-01,1.5871188616986684,-0.14060476639029545,62
Scala,2012-07-01,1.424143324150808,-0.19931301078445046,62
Scala,2012-10-01,1.30058255599312,-0.2549624576046023,62
Scala,2013-01-01,1.2229928166594497,-0.30206274850097375,62
Scala,2013-04-01,1.2774049338305835,-0.28269808093283216,62
Scala,2013-07-01,1.1525984917623675,-0.3474843033997798,62
Scala,2013-10-01,1.2093264793962757,-0.33478940107963917,62
Scala,2014-01-01,1.2636710730395306,-0.3215735737221936,62
Scala,2014-04-01,1.3788558140100102,-0.3089079502658517,62
Scala,2014-07-01,1.5782637753001278,-0.25744515165022724,62
Scala,2014-10-01,1.5143236390982626,-0.293079051860087,62
Scala,2015-01-01,1.2135179062003327,-0.502501818234906,62
Scala,2015-04-01,1.274405141263126,-0.48639655647677116,62
Scala,2015-07-01,1.2486910814326169,-0.5085685873687246,62
Scala,2015-10-01,1.1640176773849726,-0.556447281059562,62
Scala,2016-01-01,1.2807358271913432,-0.5276196240287034,62
Scala,2016-04-01,1.2143087960707426,-0.5543996238089356,62
Scala,2016-07-01,1.2292758162826818,-0.5497247757622952,62
Scala,2016-10-01,1.233604930566517,-0.5287958729223318,62
Scala,2017-01-01,1.2635301370443557,-0.5310821971884176,62
Scala,2017-04-01,1.2438068266167477,-0.5390541674134978,62
Scala,2017-07-01,1.1585994976902534,-0.5595166328325678,62
Scala,2017-10-01,1.0719266285145863,-0.5683981550568699,62
Scala,2018-01-01,1.1189075205252408,-0.5320314597720621,62
Scala,2018-04-01,1.1713425678970095,-0.5563892178024495,62
Scala,2018-07-01,1.2387482022007796,-0.5547342393709301,62
Scala,2018-10-01,1.1883981948928055,-0.5627065108084566,62
Scala,2019-01-01,1.156492481575596,-0.5647200843318372,62
Scala,2019-04-01,1.1780210512652085,-0.5516356099196351,62
Scala,2019-07-01,1.2779667576624238,-0.5074595148008274,62
Scala,2019-10-01,1.1992441614297429,-0.5630016916435326,62
Scala,2020-01-01,1.3014703673650396,-0.525320455048239,62
Scala,2020-04-01,1.2080828738816227,-0.5720942298791766,62
Scala,2020-07-01,1.0145140154337895,-0.6235212834172444,62
Scala,2020-10-01,1.0906868020720315,-0.5752516427330113,62
Scala,2021-01-01,0.9035409909544496,-0.6157320510652371,62
Scala,2021-04-01,1.175162577534213,-0.5541488292430753,62
Scala,2021-07-01,0.6496043550004148,-0.6318493470826764,62
Scala,2021-10-01,0.4254522454439769,-0.5890838719294286,62
Scala,2022-01-01,0.4363419859239371,-0.6156498695790358,62
Scala,2022-04-01,0.4289683250402161,-0.6282745192061988,62
Scala,2022-07-01,0.4676963253967086,-0.5628511214044077,62
Scala,2022-10-01,0.4570991136548106,-0.606904572526961,62
Scala,2023-01-01,0.5829492705681799,-0.565041046379686,62
Scala,2023-04-01,1.1521525541489106,-0.5973282018492339,62
Scala,2023-07-01,1.4083040960464497,-0.49066525135142147,62
Scala,2023-10-01,2.0050174221866253,-0.2613611865908547,62
Scala,2024-01-01,1.3303856252325508,-0.5254231043323537,62
Scala,2024-04-01,1.529231252956606,-0.44795228222493805,62
Scala,2024-07-01,4.137089896809646,0.31160136708591823,62
Scala,2024-10-01,1.7060683544835076,-0.3768146438368277,62
Scala,2025-01-01,2.719748334403801,-0.04288026874374649,62
Scala,2025-04-01,2.067511021031658,-0.25131018287487555,62
Scala,2025-07-01,1.3164002072596503,-0.5442691370789,62
Scala,2025-10-01,1.2444877273646182,-0.574351300888914,62
Scala,2026-01-01,1.243260508292433,-0.5640072662143177,62
Scala,2026-04-01,1.2234569450481902,-0.572380641599764,62
Swift,2011-01-01,0.020026771261876,-1.0540695610511468,62
Swift,2011-04-01,0.0266079639128689,-1.0668201285063248,62
Swift,2011-07-01,0.0302088367706336,-1.085185827021945,62
Swift,2011-10-01,0.0256027720260694,-1.0808287335132685,62
Swift,2012-01-01,0.0368406780636749,-1.0602567026627905,62
Swift,2012-04-01,0.0111112715349014,-0.985222035673553,62
Swift,2012-07-01,0.0255797610475642,-0.9772079137480825,62
Swift,2012-10-01,0.1109586902117252,-0.9172854285162811,62
Swift,2013-01-01,0.0585438407616358,-0.9856950416776689,62
Swift,2013-04-01,0.0443460650527578,-1.0007189884187218,62
Swift,2013-07-01,0.0781925637518051,-0.9915604185999134,62
Swift,2013-10-01,0.1960829108705904,-0.911647943077605,62
Swift,2014-01-01,0.1088207186027309,-0.9990512685618064,62
Swift,2014-04-01,0.1347914598445069,-1.0303292008973017,62
Swift,2014-07-01,0.3590372251374916,-0.8957645367554856,62
Swift,2014-10-01,0.4338133526611099,-0.8570561753948759,62
Swift,2015-01-01,0.7138122175741435,-0.7729438866313326,62
Swift,2015-04-01,0.888255275415666,-0.6850086298970134,62
Swift,2015-07-01,1.1181639603331144,-0.5730457681571829,62
Swift,2015-10-01,1.294762777035818,-0.49303164088656426,62
Swift,2016-01-01,1.4919596992188562,-0.43066212154545747,62
Swift,2016-04-01,1.5272037068954836,-0.4095049775361436,62
Swift,2016-07-01,1.6942414253740716,-0.34281074733883005,62
Swift,2016-10-01,1.6595313966664875,-0.34099376062689596,62
Swift,2017-01-01,1.6190649846954226,-0.37148469372978604,62
Swift,2017-04-01,1.5106233162254192,-0.41608298048377346,62
Swift,2017-07-01,1.4693208995693867,-0.41389641341972455,62
Swift,2017-10-01,1.3157098120549964,-0.4504067323374107,62
Swift,2018-01-01,1.0369602738565975,-0.5735831357760014,62
Swift,2018-04-01,1.2098350506805442,-0.5376382090571126,62
Swift,2018-07-01,1.2577389302166988,-0.545600098788553,62
Swift,2018-10-01,1.1425885352977834,-0.5853146572866649,62
Swift,2019-01-01,1.0151822067167864,-0.6362831437616049,62
Swift,2019-04-01,1.0216390657174268,-0.630254726264497,62
Swift,2019-07-01,0.9341542054346532,-0.6800533377432804,62
Swift,2019-10-01,0.9533433354459908,-0.6892835789429831,62
Swift,2020-01-01,0.947772670111941,-0.7043045176110998,62
Swift,2020-04-01,1.005618023812104,-0.6757359066901554,62
Swift,2020-07-01,0.8527931062955719,-0.7116534157007506,62
Swift,2020-10-01,0.7593077416612064,-0.7566903216294576,62
Swift,2021-01-01,0.6326481148525865,-0.7732384747152812,62
Swift,2021-04-01,0.7156715928988538,-0.8043865322535501,62
Swift,2021-07-01,0.4945868103491977,-0.7294156830591678,62
Swift,2021-10-01,0.3153706861316583,-0.6664555862233673,62
Swift,2022-01-01,0.3175490882729781,-0.6990103840943858,62
Swift,2022-04-01,0.341530627067958,-0.6897707829749316,62
Swift,2022-07-01,0.2768214731986795,-0.695968009115695,62
Swift,2022-10-01,0.2977499985963391,-0.717355087838025,62
Swift,2023-01-01,0.3179456603226263,-0.7433970465150888,62
Swift,2023-04-01,0.7133059909595721,-0.8408275063933759,62
Swift,2023-07-01,0.8072475103644634,-0.8011209191453268,62
Swift,2023-10-01,0.8648601544702513,-0.7810855755823173,62
Swift,2024-01-01,0.9707748398315004,-0.7061904418931941,62
Swift,2024-04-01,1.0593136275160056,-0.6711072964107788,62
Swift,2024-07-01,0.9192244583082824,-0.7647426397343402,62
Swift,2024-10-01,1.0011689891845277,-0.704323009973883,62
Swift,2025-01-01,1.0532123674718838,-0.6914305525866535,62
Swift,2025-04-01,1.0893482350506842,-0.6720331285290446,62
Swift,2025-07-01,1.154474298172138,-0.6226422153513778,62
Swift,2025-10-01,1.0521976714074737,-0.6714184514003517,62
Swift,2026-01-01,0.9655623648865708,-0.7063376995765958,62
Swift,2026-04-01,1.0579990298005375,-0.6554628203746261,62
TypeScript,2011-01-01,0.1568632597021901,-0.9377691887216298,62
TypeScript,2011-04-01,0.2425912816847213,-0.888806264134578,62
TypeScript,2011-07-01,0.2785057012648626,-0.8817312501473317,62
TypeScript,2011-10-01,0.2507981298930977,-0.8949104259256466,62
TypeScript,2012-01-01,0.3984589007078752,-0.7810964992924594,62
TypeScript,2012-04-01,0.48434676567973,-0.6400689903572153,62
TypeScript,2012-07-01,0.3613212691946564,-0.7211129634373362,62
TypeScript,2012-10-01,0.4219086386424306,-0.6927530136672339,62
TypeScript,2013-01-01,0.4725001808912818,-0.6815751837714559,62
TypeScript,2013-04-01,0.4834590244159552,-0.677475983122503,62
TypeScript,2013-07-01,0.6630175169148667,-0.5878678289550867,62
TypeScript,2013-10-01,0.5951809276678677,-0.6409696501248652,62
TypeScript,2014-01-01,0.7226723456707951,-0.5808268299671323,62
TypeScript,2014-04-01,0.8215779687084812,-0.5690630942640253,62
TypeScript,2014-07-01,0.9587446034237777,-0.5313905613140636,62
TypeScript,2014-10-01,1.3334968212609584,-0.3680220386283563,62
TypeScript,2015-01-01,0.8657022692597457,-0.6831879561063829,62
TypeScript,2015-04-01,1.0625569574787834,-0.5907616353143748,62
TypeScript,2015-07-01,1.2307244703435565,-0.5172181034516833,62
TypeScript,2015-10-01,1.4882922845681406,-0.40550474907564754,62
TypeScript,2016-01-01,1.8134922141259624,-0.29781460841405866,62
TypeScript,2016-04-01,2.3440723778544577,-0.10247210238662853,62
TypeScript,2016-07-01,2.759484498626463,0.02108589485643411,62
TypeScript,2016-10-01,3.008695144458824,0.10051666366516904,62
TypeScript,2017-01-01,3.476423083125039,0.21487713139096182,62
TypeScript,2017-04-01,3.7048244208177294,0.2713050476706542,62
TypeScript,2017-07-01,4.138256339665231,0.3795554514340127,62
TypeScript,2017-10-01,4.386058040159653,0.4449424821741994,62
TypeScript,2018-01-01,4.489614437938641,0.4708442657933546,62
TypeScript,2018-04-01,5.25297199773348,0.5722769436679165,62
TypeScript,2018-07-01,5.668350786079381,0.6255129304322221,62
TypeScript,2018-10-01,5.866617954969637,0.6593334856952819,62
TypeScript,2019-01-01,6.126012941769067,0.6973835037455007,62
TypeScript,2019-04-01,6.208282720790633,0.7112133607735629,62
TypeScript,2019-07-01,6.5853570863647946,0.7615057377957946,62
TypeScript,2019-10-01,6.837401495442159,0.7904304638753258,62
TypeScript,2020-01-01,6.9257864067151855,0.8010888220730066,62
TypeScript,2020-04-01,7.471158087142636,0.8768727974421856,62
TypeScript,2020-07-01,7.448902171927013,0.8863473100042889,62
TypeScript,2020-10-01,6.859733316492073,0.817046555303455,62
TypeScript,2021-01-01,6.378400613882948,0.7743575969825423,62
TypeScript,2021-04-01,8.50557302318503,1.0010392316335142,62
TypeScript,2021-07-01,5.522720439658377,0.7273134262401278,62
TypeScript,2021-10-01,3.3365913295248304,0.48200080224347236,62
TypeScript,2022-01-01,3.572944497863063,0.5026217129179479,62
TypeScript,2022-04-01,3.707569934974378,0.5328795052564941,62
TypeScript,2022-07-01,3.1885249318856848,0.43911093095770315,62
TypeScript,2022-10-01,3.563294741102305,0.4818094054482334,62
TypeScript,2023-01-01,3.920967951641779,0.539091038852981,62
TypeScript,2023-04-01,9.07561800405622,1.0509422213992465,62
TypeScript,2023-07-01,9.18567886936741,1.0686097968359838,62
TypeScript,2023-10-01,9.165075801212822,1.0661979514989286,62
TypeScript,2024-01-01,8.91497829879566,1.036286509574551,62
TypeScript,2024-04-01,9.027579236663524,1.047498932256484,62
TypeScript,2024-07-01,8.669394964631499,1.0030382664372637,62
TypeScript,2024-10-01,9.118367944383165,1.0545502634087203,62
TypeScript,2025-01-01,9.237994811319634,1.062082455919738,62
TypeScript,2025-04-01,9.247371965726144,1.0701431225758025,62
TypeScript,2025-07-01,9.26559178083841,1.0658371555158024,62
TypeScript,2025-10-01,8.920210989025541,1.0362051229113363,62
TypeScript,2026-01-01,9.55154650449336,1.1035891402443676,62
TypeScript,2026-04-01,9.311564123556163,1.0759648912183697,62
