period,language,avg_share_pct,avg_push_events,avg_unique_actors
2011-Q1,C,5.3186,4278.0,1734.3333333333333
2011-Q1,C#,6.3877,5144.333333333333,2120.0
2011-Q1,C++,5.4058,4354.333333333333,1879.3333333333333
2011-Q1,Haskell,1.3028,1047.0,412.0
2011-Q1,Java,14.8575,11927.0,4685.0
2011-Q1,JavaScript,19.2793,15471.0,5629.0
2011-Q1,Lua,1.8655,1501.0,616.3333333333334
2011-Q1,Objective-C,5.3432,4290.666666666667,1697.6666666666667
2011-Q1,PHP,9.5913,7705.333333333333,3166.6666666666665
2011-Q1,Perl,3.719,2991.0,1213.0
2011-Q1,Python,13.6843,11005.0,4230.0
2011-Q1,R,3.2278,2598.0,996.3333333333334
2011-Q1,Ruby,6.2869,5055.333333333333,1966.3333333333333
2011-Q1,Scala,3.7304,2994.0,1195.0
2011-Q2,C,5.277,5104.333333333333,1997.6666666666667
2011-Q2,C#,6.2275,6031.0,2424.6666666666665
2011-Q2,C++,5.5059,5328.333333333333,2172.0
2011-Q2,Haskell,1.3277,1284.3333333333333,518.6666666666666
2011-Q2,Java,14.5152,14041.666666666666,5554.333333333333
2011-Q2,JavaScript,19.247,18626.0,6516.0
2011-Q2,Lua,1.9453,1881.0,767.3333333333334
2011-Q2,Objective-C,5.1976,5025.0,2016.0
2011-Q2,PHP,9.4528,9142.0,3600.0
2011-Q2,Perl,3.5689,3448.3333333333335,1358.3333333333333
2011-Q2,Python,14.284,13840.666666666666,5510.333333333333
2011-Q2,R,3.335,3232.0,1336.6666666666667
2011-Q2,Ruby,6.3356,6128.666666666667,2438.0
2011-Q2,Scala,3.7807,3661.0,1582.6666666666667
2011-Q3,C,5.5074,6085.333333333333,2387.6666666666665
2011-Q3,C#,6.1415,6788.666666666667,2758.6666666666665
2011-Q3,C++,5.3641,5926.666666666667,2492.0
2011-Q3,Haskell,1.24,1370.6666666666667,547.3333333333334
2011-Q3,Java,15.2342,16851.666666666668,6388.0
2011-Q3,JavaScript,19.7953,21893.666666666668,8132.0
2011-Q3,Lua,1.9728,2179.0,898.3333333333334
2011-Q3,Objective-C,5.2297,5774.666666666667,2329.3333333333335
2011-Q3,PHP,9.4537,10450.666666666666,4381.666666666667
2011-Q3,Perl,3.6508,4043.6666666666665,1526.6666666666667
2011-Q3,Python,13.4989,14923.666666666666,5791.333333333333
2011-Q3,R,3.2482,3592.3333333333335,1417.6666666666667
2011-Q3,Ruby,6.0692,6712.333333333333,2609.3333333333335
2011-Q3,Scala,3.5941,3973.6666666666665,1509.0
2011-Q4,C,5.3373,6819.0,2886.0
2011-Q4,C#,6.2987,8056.0,3244.6666666666665
2011-Q4,C++,5.2791,6737.666666666667,2812.0
2011-Q4,Haskell,1.2777,1635.0,693.6666666666666
2011-Q4,Java,14.4372,18485.333333333332,7204.0
2011-Q4,JavaScript,20.002,25574.333333333332,9055.333333333334
2011-Q4,Lua,1.9116,2448.0,975.0
2011-Q4,Objective-C,4.9189,6287.666666666667,2431.3333333333335
2011-Q4,PHP,9.1228,11668.0,4928.0
2011-Q4,Perl,3.4652,4434.333333333333,1744.6666666666667
2011-Q4,Python,14.7139,18832.333333333332,7239.0
2011-Q4,R,3.4133,4361.0,1812.3333333333333
2011-Q4,Ruby,6.2158,7942.0,3014.3333333333335
2011-Q4,Scala,3.6066,4612.666666666667,1822.0
2012-Q1,C,5.3111,8100.0,3304.6666666666665
2012-Q1,C#,6.3857,9758.333333333334,3687.0
2012-Q1,C++,5.5309,8458.333333333334,3443.0
2012-Q1,Go,0.5339,862.0,327.0
2012-Q1,Haskell,1.2843,1962.0,750.6666666666666
2012-Q1,Java,14.3733,21961.666666666668,8272.666666666666
2012-Q1,JavaScript,20.3114,31040.666666666668,10891.666666666666
2012-Q1,Lua,1.9045,2912.3333333333335,1122.3333333333333
2012-Q1,Objective-C,4.8956,7492.666666666667,2942.0
2012-Q1,PHP,8.7831,13387.333333333334,5036.666666666667
2012-Q1,Perl,3.3657,5134.0,2042.0
2012-Q1,Python,15.1069,23106.0,9399.666666666666
2012-Q1,R,3.2782,5007.666666666667,2053.6666666666665
2012-Q1,Ruby,5.7505,8769.333333333334,3289.6666666666665
2012-Q1,Scala,3.5408,5392.0,2185.3333333333335
2012-Q2,C,5.3281,9328.333333333334,3534.0
2012-Q2,C#,6.4258,11257.666666666666,4557.0
2012-Q2,C++,5.2666,9222.0,3765.3333333333335
2012-Q2,Go,1.0476,1844.6666666666667,765.3333333333334
2012-Q2,Haskell,1.2596,2206.3333333333335,900.0
2012-Q2,Java,14.795,25904.666666666668,9492.0
2012-Q2,JavaScript,20.1197,35212.0,12749.333333333334
2012-Q2,Lua,1.8783,3287.3333333333335,1291.6666666666667
2012-Q2,Objective-C,4.5778,8010.0,3282.6666666666665
2012-Q2,PHP,8.7466,15312.333333333334,6004.0
2012-Q2,Perl,3.3074,5788.0,2367.3333333333335
2012-Q2,Python,14.5855,25516.333333333332,10020.333333333334
2012-Q2,R,3.3108,5800.333333333333,2591.6666666666665
2012-Q2,Ruby,5.8407,10224.0,3987.3333333333335
2012-Q2,Scala,3.5103,6146.666666666667,2461.0
2012-Q3,C,5.2387,9917.333333333334,4063.0
2012-Q3,C#,6.4098,12135.666666666666,4787.0
2012-Q3,C++,5.4722,10362.666666666666,4233.0
2012-Q3,Go,1.7091,3239.6666666666665,1334.6666666666667
2012-Q3,Haskell,1.3012,2462.0,958.0
2012-Q3,Java,13.9497,26413.333333333332,10857.0
2012-Q3,JavaScript,20.124,38107.333333333336,13415.333333333334
2012-Q3,Lua,1.9032,3602.3333333333335,1502.3333333333333
2012-Q3,Objective-C,4.5175,8542.0,3735.6666666666665
2012-Q3,PHP,8.633,16347.333333333334,7080.0
2012-Q3,Perl,3.3296,6304.0,2666.0
2012-Q3,Python,15.0524,28511.0,11696.666666666666
2012-Q3,R,3.2972,6247.333333333333,2559.3333333333335
2012-Q3,Ruby,5.5398,10484.333333333334,4226.666666666667
2012-Q3,Scala,3.5225,6669.666666666667,2576.6666666666665
2012-Q4,C,4.9292,10268.333333333334,4086.0
2012-Q4,C#,6.5208,13577.666666666666,5359.333333333333
2012-Q4,C++,5.4915,11455.0,4455.333333333333
2012-Q4,Go,2.0735,4325.666666666667,1687.6666666666667
2012-Q4,Haskell,1.3225,2753.6666666666665,1118.0
2012-Q4,Java,14.0569,29306.666666666668,11693.0
2012-Q4,JavaScript,19.8553,41404.666666666664,14490.666666666666
2012-Q4,Lua,1.9272,4015.3333333333335,1671.0
2012-Q4,Objective-C,4.2975,8947.0,3481.0
2012-Q4,PHP,8.2646,17216.666666666668,6712.333333333333
2012-Q4,Perl,3.2329,6734.0,2626.6666666666665
2012-Q4,Python,14.729,30746.0,12074.0
2012-Q4,R,3.3473,6982.0,2867.6666666666665
2012-Q4,Ruby,5.3733,11201.0,4188.333333333333
2012-Q4,Scala,3.5217,7346.666666666667,2831.6666666666665
2012-Q4,TypeScript,1.0569,2220.3333333333335,874.0
2013-Q1,C,4.919,11739.666666666666,4637.666666666667
2013-Q1,C#,6.4731,15459.666666666666,6127.666666666667
2013-Q1,C++,5.1324,12267.0,4724.0
2013-Q1,Dart,0.4242,1023.3333333333334,397.0
2013-Q1,Go,2.339,5593.666666666667,2299.3333333333335
2013-Q1,Haskell,1.1799,2813.0,1190.3333333333333
2013-Q1,Java,13.8132,32976.666666666664,12339.333333333334
2013-Q1,JavaScript,19.6355,46853.333333333336,17773.666666666668
2013-Q1,Lua,1.8611,4441.666666666667,1884.3333333333333
2013-Q1,Objective-C,4.0034,9550.0,3735.6666666666665
2013-Q1,PHP,8.093,19311.333333333332,7582.333333333333
2013-Q1,Perl,2.9331,6983.666666666667,2870.0
2013-Q1,Python,15.1125,36072.666666666664,15099.0
2013-Q1,R,3.2214,7692.0,3088.0
2013-Q1,Ruby,5.3066,12670.0,5239.666666666667
2013-Q1,Scala,3.5659,8518.0,3422.3333333333335
2013-Q1,TypeScript,1.9866,4764.333333333333,2011.6666666666667
2013-Q2,C,4.7734,12593.333333333334,5076.0
2013-Q2,C#,6.1436,16212.0,5959.333333333333
2013-Q2,C++,5.1121,13482.666666666666,5246.333333333333
2013-Q2,Dart,0.811,2144.0,859.0
2013-Q2,Go,2.5746,6797.666666666667,2723.6666666666665
2013-Q2,Haskell,1.2945,3416.3333333333335,1287.0
2013-Q2,Java,13.2701,35001.333333333336,13544.333333333334
2013-Q2,JavaScript,19.3579,51093.333333333336,19382.666666666668
2013-Q2,Lua,1.8368,4845.666666666667,2017.0
2013-Q2,Objective-C,4.0114,10581.666666666666,4035.6666666666665
2013-Q2,PHP,8.1322,21455.0,8724.666666666666
2013-Q2,Perl,2.9791,7861.0,3087.0
2013-Q2,Python,15.369,40532.0,16381.666666666666
2013-Q2,R,3.2284,8518.0,3273.0
2013-Q2,Ruby,5.0804,13398.666666666666,5538.333333333333
2013-Q2,Scala,3.3243,8775.666666666666,3483.6666666666665
2013-Q2,TypeScript,2.7013,7135.666666666667,2806.3333333333335
2013-Q3,C,4.9773,13762.0,5621.0
2013-Q3,C#,5.9406,16431.666666666668,6873.333333333333
2013-Q3,C++,5.0637,14008.333333333334,5546.333333333333
2013-Q3,Dart,1.0866,3007.6666666666665,1209.3333333333333
2013-Q3,Go,2.874,7950.666666666667,3056.3333333333335
2013-Q3,Haskell,1.2498,3455.0,1370.0
2013-Q3,Java,12.9765,35880.333333333336,15092.0
2013-Q3,JavaScript,20.1511,55762.666666666664,19046.333333333332
2013-Q3,Lua,1.8477,5109.666666666667,1983.3333333333333
2013-Q3,Objective-C,3.8453,10631.666666666666,4219.0
2013-Q3,PHP,7.3799,20410.666666666668,7896.0
2013-Q3,Perl,2.9096,8046.666666666667,3082.6666666666665
2013-Q3,Python,14.7913,40889.0,16969.333333333332
2013-Q3,R,3.2721,9048.0,3490.3333333333335
2013-Q3,Ruby,5.0607,14005.0,5482.666666666667
2013-Q3,Scala,3.338,9227.0,3648.6666666666665
2013-Q3,TypeScript,3.2359,8953.0,3657.0
2013-Q4,C,4.8632,14408.0,5786.666666666667
2013-Q4,C#,5.8779,17424.0,6999.333333333333
2013-Q4,C++,4.9726,14737.666666666666,5905.0
2013-Q4,Dart,1.4069,4171.333333333333,1625.6666666666667
2013-Q4,Go,3.0525,9050.666666666666,3629.0
2013-Q4,Haskell,1.2513,3709.6666666666665,1464.0
2013-Q4,Java,12.5304,37147.0,14352.0
2013-Q4,JavaScript,20.8582,61785.333333333336,23313.666666666668
2013-Q4,Lua,1.8429,5465.333333333333,2230.6666666666665
2013-Q4,Objective-C,3.4747,10294.333333333334,4270.333333333333
2013-Q4,PHP,7.5903,22504.0,8992.666666666666
2013-Q4,Perl,2.6971,7992.333333333333,3397.6666666666665
2013-Q4,Python,14.5836,43230.0,19240.666666666668
2013-Q4,R,3.1463,9313.333333333334,3768.0
2013-Q4,Ruby,4.8286,14314.0,6006.0
2013-Q4,Scala,3.1625,9370.333333333334,3744.3333333333335
2013-Q4,TypeScript,3.861,11444.333333333334,4570.0
2014-Q1,C,4.6179,15290.0,6079.666666666667
2014-Q1,C#,5.9521,19732.0,8390.0
2014-Q1,C++,5.1105,16926.333333333332,6389.666666666667
2014-Q1,Dart,1.771,5882.333333333333,2274.6666666666665
2014-Q1,Go,3.5801,11883.333333333334,4321.666666666667
2014-Q1,Haskell,1.1801,3914.6666666666665,1521.3333333333333
2014-Q1,Java,12.6479,41874.333333333336,15737.0
2014-Q1,JavaScript,19.271,63821.666666666664,23237.0
2014-Q1,Julia,0.1651,552.0,218.0
2014-Q1,Lua,1.7542,5810.0,2363.3333333333335
2014-Q1,Objective-C,3.4248,11336.666666666666,4632.333333333333
2014-Q1,PHP,7.5314,24936.0,9560.666666666666
2014-Q1,Perl,2.7442,9090.333333333334,3676.3333333333335
2014-Q1,Python,14.9666,49640.666666666664,20727.0
2014-Q1,R,3.1901,10568.0,4508.0
2014-Q1,Ruby,4.4519,14764.0,5776.333333333333
2014-Q1,Scala,3.0271,10035.666666666666,3890.0
2014-Q1,TypeScript,4.614,15314.0,6012.0
2014-Q2,C,4.5939,16487.0,6457.333333333333
2014-Q2,C#,5.795,20796.0,8231.0
2014-Q2,C++,5.0121,17984.0,7131.666666666667
2014-Q2,Dart,2.1422,7689.666666666667,3120.0
2014-Q2,Go,3.8222,13717.666666666666,5687.666666666667
2014-Q2,Haskell,1.2027,4314.666666666667,1787.6666666666667
2014-Q2,Java,12.0661,43258.333333333336,16791.666666666668
2014-Q2,JavaScript,19.2966,69213.33333333333,23281.333333333332
2014-Q2,Julia,0.3388,1217.3333333333333,461.3333333333333
2014-Q2,Lua,1.7115,6135.0,2459.0
2014-Q2,Objective-C,3.1914,11448.666666666666,4712.0
2014-Q2,PHP,7.0025,25125.333333333332,10202.0
2014-Q2,Perl,2.593,9295.666666666666,3604.0
2014-Q2,Python,15.2729,54781.666666666664,22176.333333333332
2014-Q2,R,3.0739,11022.666666666666,4472.333333333333
2014-Q2,Ruby,4.2764,15334.666666666666,5824.333333333333
2014-Q2,Scala,3.1391,11262.0,4423.666666666667
2014-Q2,TypeScript,5.4697,19628.333333333332,8653.666666666666
2014-Q3,C,4.3999,16244.666666666666,6584.0
2014-Q3,C#,5.4759,20218.666666666668,7965.333333333333
2014-Q3,C++,4.8574,17924.0,7321.333333333333
2014-Q3,Dart,2.4013,8867.333333333334,3674.3333333333335
2014-Q3,Go,4.1937,15487.333333333334,6256.333333333333
2014-Q3,Haskell,1.1826,4365.333333333333,1698.0
2014-Q3,Java,12.1433,44831.0,17786.0
2014-Q3,JavaScript,19.4478,71793.66666666667,28070.0
2014-Q3,Julia,0.4977,1838.3333333333333,731.0
2014-Q3,Lua,1.6702,6165.666666666667,2787.3333333333335
2014-Q3,Objective-C,3.1949,11793.666666666666,4348.333333333333
2014-Q3,PHP,6.7763,25016.666666666668,10113.333333333334
2014-Q3,Perl,2.4707,9121.333333333334,3464.3333333333335
2014-Q3,Python,15.109,55769.666666666664,22472.666666666668
2014-Q3,R,3.0443,11234.666666666666,4587.666666666667
2014-Q3,Ruby,4.0303,14875.666666666666,5819.666666666667
2014-Q3,Scala,3.0914,11411.666666666666,4775.666666666667
2014-Q3,Swift,0.1412,526.0,203.0
2014-Q3,TypeScript,5.9661,22033.333333333332,9047.666666666666
2014-Q4,C,4.4303,17228.333333333332,6449.0
2014-Q4,C#,5.5852,21725.0,9190.333333333334
2014-Q4,C++,4.7466,18459.666666666668,7309.666666666667
2014-Q4,Dart,2.7146,10574.666666666666,4257.333333333333
2014-Q4,Go,4.6528,18121.333333333332,7407.666666666667
2014-Q4,Haskell,1.1372,4424.333333333333,1911.0
2014-Q4,Java,11.399,44291.666666666664,17302.666666666668
2014-Q4,JavaScript,19.244,74929.33333333333,27667.333333333332
2014-Q4,Julia,0.6599,2571.0,992.3333333333334
2014-Q4,Lua,1.6404,6379.666666666667,2448.3333333333335
2014-Q4,Objective-C,2.9861,11621.333333333334,4968.666666666667
2014-Q4,PHP,6.4136,24947.0,10186.333333333334
2014-Q4,Perl,2.2467,8739.0,3552.0
2014-Q4,Python,14.7267,57306.666666666664,22154.0
2014-Q4,R,3.1263,12165.666666666666,4716.0
2014-Q4,Ruby,3.9181,15234.333333333334,6301.666666666667
2014-Q4,Scala,2.9026,11300.0,4583.333333333333
2014-Q4,Swift,0.296,1156.6666666666667,490.6666666666667
2014-Q4,TypeScript,7.174,27926.0,11507.0
2015-Q1,C,4.2453,18187.666666666668,6973.0
2015-Q1,C#,5.5964,23971.0,9709.0
2015-Q1,C++,4.8615,20823.666666666668,8495.666666666666
2015-Q1,Dart,2.9521,12667.0,5263.333333333333
2015-Q1,Go,4.9278,21111.0,8766.666666666666
2015-Q1,Haskell,1.0876,4658.333333333333,1848.3333333333333
2015-Q1,Java,11.5228,49423.333333333336,20370.333333333332
2015-Q1,JavaScript,18.4425,78981.66666666667,28163.666666666668
2015-Q1,Julia,0.8307,3566.3333333333335,1511.3333333333333
2015-Q1,Lua,1.6679,7153.666666666667,2730.0
2015-Q1,Objective-C,2.7727,11888.666666666666,4883.333333333333
2015-Q1,PHP,6.1358,26317.333333333332,10979.333333333334
2015-Q1,Perl,2.2737,9745.0,4084.6666666666665
2015-Q1,Python,14.7558,63351.0,26331.333333333332
2015-Q1,R,2.9991,12858.0,5328.0
2015-Q1,Ruby,3.792,16265.0,6860.666666666667
2015-Q1,Scala,2.7791,11901.333333333334,4724.333333333333
2015-Q1,Swift,0.5113,2197.0,904.0
2015-Q1,TypeScript,7.846,33648.666666666664,15206.0
2015-Q2,C,4.1202,18869.0,7527.0
2015-Q2,C#,5.1823,23739.666666666668,9799.333333333334
2015-Q2,C++,4.6565,21325.333333333332,8542.333333333334
2015-Q2,Dart,3.5096,16077.333333333334,6448.666666666667
2015-Q2,Go,5.0423,23096.333333333332,9332.0
2015-Q2,Haskell,1.0935,5009.333333333333,2010.0
2015-Q2,Java,10.8609,49736.666666666664,19033.0
2015-Q2,JavaScript,18.6316,85327.66666666667,31654.333333333332
2015-Q2,Julia,0.982,4500.333333333333,1852.0
2015-Q2,Lua,1.6479,7550.333333333333,2975.3333333333335
2015-Q2,Objective-C,2.5879,11849.0,4670.333333333333
2015-Q2,PHP,5.8568,26820.666666666668,10517.0
2015-Q2,Perl,2.1674,9925.333333333334,4116.333333333333
2015-Q2,Python,14.6917,67281.0,27291.333333333332
2015-Q2,R,2.9688,13599.666666666666,5607.0
2015-Q2,Ruby,3.6911,16909.0,6772.666666666667
2015-Q2,Rust,0.2066,953.0,452.0
2015-Q2,Scala,2.6736,12251.666666666666,4960.333333333333
2015-Q2,Swift,0.7235,3317.6666666666665,1259.0
2015-Q2,TypeScript,8.7745,40193.666666666664,17051.333333333332
2015-Q3,C,4.1895,19512.333333333332,7953.0
2015-Q3,C#,5.1156,23828.666666666668,9403.0
2015-Q3,C++,4.6445,21631.666666666668,8477.0
2015-Q3,Dart,3.721,17332.666666666668,7073.333333333333
2015-Q3,Go,4.677,21784.666666666668,8544.0
2015-Q3,Haskell,1.111,5174.333333333333,2015.3333333333333
2015-Q3,Java,10.6864,49769.666666666664,18954.333333333332
2015-Q3,JavaScript,18.3638,85529.33333333333,29887.333333333332
2015-Q3,Julia,1.2007,5592.333333333333,2226.3333333333335
2015-Q3,Lua,1.5991,7447.0,3059.3333333333335
2015-Q3,Objective-C,2.4824,11561.0,4742.0
2015-Q3,PHP,5.7257,26668.0,10464.333333333334
2015-Q3,Perl,2.0721,9650.666666666666,3909.6666666666665
2015-Q3,Python,14.4825,67462.33333333333,27889.666666666668
2015-Q3,R,2.8724,13379.666666666666,5279.333333333333
2015-Q3,Ruby,3.5793,16670.0,6365.666666666667
2015-Q3,Rust,0.4201,1957.6666666666667,902.0
2015-Q3,Scala,2.7157,12648.333333333334,5343.666666666667
2015-Q3,Swift,0.9871,4598.333333333333,1757.6666666666667
2015-Q3,TypeScript,9.3543,43565.666666666664,17846.0
2015-Q4,C,3.9132,18998.666666666668,7498.666666666667
2015-Q4,C#,4.9947,24241.666666666668,10230.333333333334
2015-Q4,C++,4.5894,22291.0,8516.0
2015-Q4,Dart,3.8718,18804.0,7690.333333333333
2015-Q4,Go,4.6823,22734.0,9035.333333333334
2015-Q4,Haskell,1.0731,5206.333333333333,2132.3333333333335
2015-Q4,Java,10.6238,51593.0,19820.333333333332
2015-Q4,JavaScript,18.6704,90741.0,32404.333333333332
2015-Q4,Julia,1.3238,6427.666666666667,2573.6666666666665
2015-Q4,Lua,1.5692,7615.0,3139.0
2015-Q4,Objective-C,2.3574,11439.333333333334,4805.0
2015-Q4,PHP,5.3221,25833.666666666668,11054.666666666666
2015-Q4,Perl,2.0483,9934.0,4099.0
2015-Q4,Python,14.8722,72195.66666666667,30212.333333333332
2015-Q4,R,2.8878,14029.666666666666,5600.333333333333
2015-Q4,Ruby,3.3516,16265.666666666666,6324.333333333333
2015-Q4,Rust,0.6734,3275.0,1546.3333333333333
2015-Q4,Scala,2.5804,12524.333333333334,4890.333333333333
2015-Q4,Swift,1.1968,5818.0,2517.3333333333335
2015-Q4,TypeScript,9.3982,45616.333333333336,18729.0
2016-Q1,C,4.0347,21395.333333333332,8565.0
2016-Q1,C#,5.2322,27705.666666666668,10986.666666666666
2016-Q1,C++,4.5694,24207.0,9052.333333333334
2016-Q1,Dart,4.2108,22309.666666666668,9710.666666666666
2016-Q1,Go,5.1427,27236.666666666668,10663.333333333334
2016-Q1,Haskell,1.0985,5810.666666666667,2260.0
2016-Q1,Java,10.3422,54782.333333333336,21795.333333333332
2016-Q1,JavaScript,18.0283,95495.66666666667,33987.333333333336
2016-Q1,Julia,1.5166,8035.333333333333,3222.0
2016-Q1,Kotlin,0.1853,999.0,411.0
2016-Q1,Lua,1.5831,8385.666666666666,3300.0
2016-Q1,Objective-C,2.0788,11002.0,4511.0
2016-Q1,PHP,5.1271,27199.333333333332,10292.666666666666
2016-Q1,Perl,1.8086,9583.0,3744.0
2016-Q1,Python,14.6761,77744.0,30523.666666666668
2016-Q1,R,2.8846,15274.0,5958.0
2016-Q1,Ruby,3.1278,16561.666666666668,6710.0
2016-Q1,Rust,0.9241,4907.333333333333,2405.0
2016-Q1,Scala,2.5866,13703.666666666666,5556.0
2016-Q1,Swift,1.4576,7736.333333333333,3201.6666666666665
2016-Q1,TypeScript,9.4466,49993.333333333336,21039.666666666668
2016-Q2,C,4.0617,22774.666666666668,8732.0
2016-Q2,C#,5.0418,28276.0,12135.333333333334
2016-Q2,C++,4.597,25778.0,10556.666666666666
2016-Q2,Dart,4.1054,23023.0,9264.0
2016-Q2,Go,4.8328,27102.0,11041.0
2016-Q2,Haskell,1.0459,5866.333333333333,2276.3333333333335
2016-Q2,Java,10.7108,60079.0,24238.0
2016-Q2,JavaScript,17.5663,98528.33333333333,34026.666666666664
2016-Q2,Julia,1.5805,8864.666666666666,3696.3333333333335
2016-Q2,Kotlin,0.3677,2065.0,803.6666666666666
2016-Q2,Lua,1.5819,8871.0,3689.6666666666665
2016-Q2,Objective-C,2.0717,11619.666666666666,4563.333333333333
2016-Q2,PHP,5.072,28443.0,11528.666666666666
2016-Q2,Perl,1.8468,10354.666666666666,4360.333333333333
2016-Q2,Python,14.4515,81052.66666666667,33945.0
2016-Q2,R,2.7861,15624.0,6405.666666666667
2016-Q2,Ruby,3.2376,18160.0,7197.333333333333
2016-Q2,Rust,1.2335,6921.666666666667,3157.0
2016-Q2,Scala,2.503,14041.333333333334,5400.333333333333
2016-Q2,Swift,1.6543,9280.333333333334,3631.6666666666665
2016-Q2,TypeScript,9.6515,54122.333333333336,22478.666666666668
2016-Q3,C,3.89,22002.666666666668,9297.666666666666
2016-Q3,C#,5.1244,28983.666666666668,11437.333333333334
2016-Q3,C++,4.3832,24790.0,9903.666666666666
2016-Q3,Dart,4.1399,23416.0,8960.333333333334
2016-Q3,Go,4.8882,27646.0,10510.666666666666
2016-Q3,Haskell,1.0801,6109.333333333333,2369.3333333333335
2016-Q3,Java,9.9642,56355.333333333336,20410.666666666668
2016-Q3,JavaScript,18.5859,105126.66666666667,37174.333333333336
2016-Q3,Julia,1.86,10520.333333333334,4070.6666666666665
2016-Q3,Kotlin,0.6011,3400.0,1428.3333333333333
2016-Q3,Lua,1.4751,8343.333333333334,3361.0
2016-Q3,Objective-C,1.9032,10764.333333333334,4157.333333333333
2016-Q3,PHP,4.731,26758.0,10391.666666666666
2016-Q3,Perl,1.7228,9744.0,3890.0
2016-Q3,Python,14.786,83623.33333333333,32584.333333333332
2016-Q3,R,2.8796,16288.333333333334,7014.333333333333
2016-Q3,Ruby,2.9527,16700.0,6725.333333333333
2016-Q3,Rust,1.5025,8498.0,3882.6666666666665
2016-Q3,Scala,2.4352,13773.333333333334,5589.333333333333
2016-Q3,Swift,1.8239,10316.666666666666,4405.0
2016-Q3,TypeScript,9.271,52439.666666666664,22243.0
2016-Q4,C,3.8138,22320.333333333332,8816.333333333334
2016-Q4,C#,4.8836,28587.333333333332,11742.666666666666
2016-Q4,C++,4.2378,24810.0,9912.333333333334
2016-Q4,Dart,3.9634,23179.666666666668,9514.0
2016-Q4,Go,4.9849,29194.666666666668,11351.666666666666
2016-Q4,Haskell,1.0595,6200.333333333333,2444.3333333333335
2016-Q4,Java,9.9717,58381.666666666664,22410.666666666668
2016-Q4,JavaScript,18.7796,109798.33333333333,39759.666666666664
2016-Q4,Julia,1.9431,11377.333333333334,4493.666666666667
2016-Q4,Kotlin,0.8272,4850.0,2023.6666666666667
2016-Q4,Lua,1.4482,8476.333333333334,3505.6666666666665
2016-Q4,Objective-C,1.8213,10659.333333333334,4214.666666666667
2016-Q4,PHP,4.915,28737.333333333332,11297.666666666666
2016-Q4,Perl,1.6826,9847.0,4020.3333333333335
2016-Q4,Python,13.6606,79931.33333333333,33200.0
2016-Q4,R,2.9025,16994.0,7057.333333333333
2016-Q4,Ruby,2.8914,16927.0,6558.333333333333
2016-Q4,Rust,1.7668,10343.666666666666,5237.333333333333
2016-Q4,Scala,2.515,14725.666666666666,5982.666666666667
2016-Q4,Swift,2.037,11923.333333333334,4528.0
2016-Q4,TypeScript,9.8948,57864.0,23287.666666666668
2017-Q1,C,3.9284,24937.666666666668,9913.0
2017-Q1,C#,4.9275,31212.0,12323.0
2017-Q1,C++,4.4643,28311.333333333332,11075.0
2017-Q1,Dart,4.2698,27073.333333333332,10535.333333333334
2017-Q1,Go,4.8423,30666.0,11792.666666666666
2017-Q1,Haskell,1.0856,6878.333333333333,2830.0
2017-Q1,Java,9.5123,60298.666666666664,22627.333333333332
2017-Q1,JavaScript,17.7429,112460.33333333333,41018.666666666664
2017-Q1,Julia,1.9198,12160.333333333334,4901.333333333333
2017-Q1,Kotlin,1.1096,7044.0,2921.0
2017-Q1,Lua,1.4407,9128.0,3648.6666666666665
2017-Q1,Objective-C,1.6234,10285.0,4185.666666666667
2017-Q1,PHP,4.5192,28629.333333333332,11130.666666666666
2017-Q1,Perl,1.5631,9904.333333333334,3878.6666666666665
2017-Q1,Python,14.5035,91958.66666666667,36346.0
2017-Q1,R,2.8862,18291.666666666668,7317.0
2017-Q1,Ruby,2.6266,16643.0,6572.333333333333
2017-Q1,Rust,2.0762,13172.333333333334,6561.333333333333
2017-Q1,Scala,2.3387,14813.666666666666,6030.0
2017-Q1,Swift,2.3015,14595.666666666666,5946.0
2017-Q1,TypeScript,10.3183,65335.0,26111.333333333332
2017-Q2,C,3.8272,25514.666666666668,9253.333333333334
2017-Q2,C#,4.8959,32633.0,13424.333333333334
2017-Q2,C++,4.4353,29570.333333333332,11755.0
2017-Q2,Dart,4.0609,27061.666666666668,10680.0
2017-Q2,Go,4.8608,32400.666666666668,12989.333333333334
2017-Q2,Haskell,1.0803,7201.0,2610.3333333333335
2017-Q2,Java,9.3713,62466.333333333336,24496.0
2017-Q2,JavaScript,17.6251,117506.0,42620.333333333336
2017-Q2,Julia,2.1151,14098.333333333334,5653.0
2017-Q2,Kotlin,1.3634,9091.666666666666,3615.0
2017-Q2,Lua,1.4806,9868.0,4261.666666666667
2017-Q2,Objective-C,1.6002,10666.666666666666,4758.666666666667
2017-Q2,PHP,4.574,30492.666666666668,12002.666666666666
2017-Q2,Perl,1.5125,10083.666666666666,4056.6666666666665
2017-Q2,Python,15.0718,100467.0,40766.333333333336
2017-Q2,R,2.7445,18301.333333333332,7482.666666666667
2017-Q2,Ruby,2.7181,18120.666666666668,7379.333333333333
2017-Q2,Rust,2.2539,15028.666666666666,7194.666666666667
2017-Q2,Scala,2.2813,15204.666666666666,5797.666666666667
2017-Q2,Swift,2.3918,15946.333333333334,6430.333333333333
2017-Q2,TypeScript,9.7359,64906.666666666664,29076.333333333332
2017-Q3,C,3.7894,25320.0,9753.333333333334
2017-Q3,C#,4.8953,32708.666666666668,13114.333333333334
2017-Q3,C++,4.391,29339.666666666668,11438.0
2017-Q3,Dart,4.2121,28143.333333333332,11712.0
2017-Q3,Go,4.7142,31498.0,12689.666666666666
2017-Q3,Haskell,1.0245,6845.333333333333,2732.3333333333335
2017-Q3,Java,9.8137,65571.33333333333,24838.333333333332
2017-Q3,JavaScript,17.7493,118594.66666666667,43109.0
2017-Q3,Julia,2.0422,13645.0,5231.0
2017-Q3,Kotlin,1.4787,9880.333333333334,3867.6666666666665
2017-Q3,Lua,1.449,9682.0,3647.0
2017-Q3,Objective-C,1.5023,10038.333333333334,3892.3333333333335
2017-Q3,PHP,4.3005,28735.333333333332,12190.666666666666
2017-Q3,Perl,1.4414,9631.333333333334,3824.3333333333335
2017-Q3,Python,14.4309,96422.66666666667,37598.0
2017-Q3,R,2.766,18482.0,7185.0
2017-Q3,Ruby,2.5096,16769.0,6543.666666666667
2017-Q3,Rust,2.6437,17664.333333333332,8451.0
2017-Q3,Scala,2.3362,15610.0,6316.666666666667
2017-Q3,Swift,2.5909,17312.0,6552.333333333333
2017-Q3,TypeScript,9.919,66276.66666666667,26474.333333333332
2017-Q4,C,3.5612,24468.666666666668,9347.666666666666
2017-Q4,C#,4.721,32459.333333333332,13294.666666666666
2017-Q4,C++,4.1616,28596.0,10769.333333333334
2017-Q4,Dart,4.0961,28135.0,11388.666666666666
2017-Q4,Go,4.6822,32193.0,12366.333333333334
2017-Q4,Haskell,1.0055,6908.333333333333,2785.3333333333335
2017-Q4,Java,9.4219,64761.0,23930.333333333332
2017-Q4,JavaScript,18.1775,124887.0,44677.666666666664
2017-Q4,Julia,2.027,13938.0,6121.666666666667
2017-Q4,Kotlin,1.8036,12401.333333333334,5345.333333333333
2017-Q4,Lua,1.4127,9709.333333333334,3961.3333333333335
2017-Q4,Objective-C,1.3755,9454.0,3985.0
2017-Q4,PHP,4.4785,30759.0,12313.333333333334
2017-Q4,Perl,1.4418,9902.333333333334,4057.3333333333335
2017-Q4,Python,14.177,97475.66666666667,38127.0
2017-Q4,R,2.8264,19423.0,7676.666666666667
2017-Q4,Ruby,2.4321,16713.666666666668,7143.666666666667
2017-Q4,Rust,2.9201,20079.333333333332,10307.0
2017-Q4,Scala,2.352,16169.0,6774.666666666667
2017-Q4,Swift,2.6095,17925.333333333332,7185.333333333333
2017-Q4,TypeScript,10.3168,70919.33333333333,30601.666666666668
2018-Q1,C,3.7169,27511.0,10750.666666666666
2018-Q1,C#,4.9677,36771.0,13824.333333333334
2018-Q1,C++,4.3554,32234.333333333332,13092.0
2018-Q1,Dart,4.1284,30580.0,12015.666666666666
2018-Q1,Go,4.8313,35790.666666666664,14288.0
2018-Q1,Haskell,1.0093,7473.0,3004.3333333333335
2018-Q1,Java,9.0216,66830.66666666667,25657.333333333332
2018-Q1,JavaScript,18.3707,135980.33333333334,49893.666666666664
2018-Q1,Julia,2.0647,15285.333333333334,6217.0
2018-Q1,Kotlin,1.9907,14739.333333333334,6114.0
2018-Q1,Lua,1.4286,10576.0,4378.333333333333
2018-Q1,Objective-C,1.2566,9305.333333333334,3969.0
2018-Q1,PHP,4.1028,30385.666666666668,12126.666666666666
2018-Q1,Perl,1.3477,9977.0,3969.3333333333335
2018-Q1,Python,14.1878,105081.66666666667,41284.0
2018-Q1,R,2.7747,20541.0,8462.0
2018-Q1,Ruby,2.3556,17435.333333333332,6998.666666666667
2018-Q1,Rust,3.1365,23249.0,11731.333333333334
2018-Q1,Scala,2.257,16713.666666666668,6625.666666666667
2018-Q1,Swift,2.5316,18741.0,7669.333333333333
2018-Q1,TypeScript,10.1646,75272.0,30080.666666666668
2018-Q2,C,3.6327,28151.666666666668,11346.333333333334
2018-Q2,C#,4.6368,35927.0,14382.333333333334
2018-Q2,C++,4.3381,33611.333333333336,13576.666666666666
2018-Q2,Dart,4.2018,32561.0,13138.333333333334
2018-Q2,Go,4.8331,37464.0,14561.666666666666
2018-Q2,Haskell,1.0066,7800.333333333333,2952.6666666666665
2018-Q2,Java,8.867,68719.33333333333,27906.333333333332
2018-Q2,JavaScript,17.7969,137932.0,48066.333333333336
2018-Q2,Julia,2.0319,15746.666666666666,6141.666666666667
2018-Q2,Kotlin,2.2256,17249.333333333332,7407.0
2018-Q2,Lua,1.3845,10726.666666666666,4132.0
2018-Q2,Objective-C,1.1581,8974.333333333334,3525.6666666666665
2018-Q2,PHP,3.876,30033.0,11650.333333333334
2018-Q2,Perl,1.3044,10107.0,4104.0
2018-Q2,Python,15.0542,116650.33333333333,42700.0
2018-Q2,R,2.8693,22235.0,9092.666666666666
2018-Q2,Ruby,2.1705,16822.333333333332,6914.333333333333
2018-Q2,Rust,3.4692,26886.666666666668,12607.333333333334
2018-Q2,Scala,2.2442,17390.333333333332,6933.333333333333
2018-Q2,Swift,2.5392,19679.0,7729.333333333333
2018-Q2,TypeScript,10.36,80292.33333333333,31912.666666666668
2018-Q3,C,3.4727,26847.0,11588.0
2018-Q3,C#,4.7798,36954.666666666664,14383.333333333334
2018-Q3,C++,4.126,31900.666666666668,12569.333333333334
2018-Q3,Dart,4.3701,33785.666666666664,13484.0
2018-Q3,Go,4.9093,37955.0,14213.0
2018-Q3,Haskell,1.049,8110.666666666667,3316.6666666666665
2018-Q3,Java,8.9255,69010.33333333333,27674.666666666668
2018-Q3,JavaScript,17.7388,137132.66666666666,47489.0
2018-Q3,Julia,2.1026,16255.666666666666,6252.666666666667
2018-Q3,Kotlin,2.5397,19633.0,8047.333333333333
2018-Q3,Lua,1.4148,10937.666666666666,4132.0
2018-Q3,Objective-C,1.0482,8104.333333333333,3053.0
2018-Q3,PHP,3.8923,30092.333333333332,12589.333333333334
2018-Q3,Perl,1.2111,9363.333333333334,3693.3333333333335
2018-Q3,Python,14.7571,114089.33333333333,44992.333333333336
2018-Q3,R,2.8277,21861.0,8647.333333333334
2018-Q3,Ruby,2.0575,15907.666666666666,6187.333333333333
2018-Q3,Rust,3.424,26472.0,12449.666666666666
2018-Q3,Scala,2.2311,17249.0,6872.666666666667
2018-Q3,Swift,2.6104,20181.666666666668,8101.333333333333
2018-Q3,TypeScript,10.5121,81269.66666666667,33644.333333333336
2018-Q4,C,3.5094,27783.0,10906.0
2018-Q4,C#,4.5625,36118.333333333336,14060.0
2018-Q4,C++,4.2649,33777.666666666664,13469.333333333334
2018-Q4,Dart,4.1867,33155.0,12787.0
2018-Q4,Go,4.8095,38069.666666666664,14824.333333333334
2018-Q4,Haskell,1.0297,8151.666666666667,3353.0
2018-Q4,Java,8.5398,67595.0,25200.666666666668
2018-Q4,JavaScript,18.3306,145094.0,51604.333333333336
2018-Q4,Julia,1.9859,15727.0,6223.333333333333
2018-Q4,Kotlin,2.7468,21773.0,8945.333333333334
2018-Q4,Lua,1.421,11248.666666666666,4774.333333333333
2018-Q4,Objective-C,0.9582,7582.666666666667,3120.0
2018-Q4,PHP,3.8312,30354.333333333332,11524.666666666666
2018-Q4,Perl,1.1947,9461.333333333334,3897.0
2018-Q4,Python,14.8486,117557.0,48071.666666666664
2018-Q4,R,2.8791,22800.333333333332,8358.333333333334
2018-Q4,Ruby,2.0652,16351.666666666666,6536.333333333333
2018-Q4,Rust,3.4016,26931.0,12338.0
2018-Q4,Scala,2.1953,17388.0,6621.0
2018-Q4,Swift,2.6115,20675.666666666668,8408.666666666666
2018-Q4,TypeScript,10.6279,84107.33333333333,35338.0
2019-Q1,C,3.4338,29160.333333333332,12202.333333333334
2019-Q1,C#,4.9057,41653.333333333336,17179.0
2019-Q1,C++,4.2775,36360.666666666664,14942.0
2019-Q1,Dart,4.4099,37460.333333333336,15240.0
2019-Q1,Go,4.9204,41766.666666666664,17195.666666666668
2019-Q1,Haskell,1.022,8680.0,3465.0
2019-Q1,Java,8.7289,74185.0,30099.333333333332
2019-Q1,JavaScript,17.6989,150236.66666666666,52726.0
2019-Q1,Julia,2.1172,17992.666666666668,7526.333333333333
2019-Q1,Kotlin,2.8755,24419.0,10158.666666666666
2019-Q1,Lua,1.4045,11940.0,4945.666666666667
2019-Q1,Objective-C,0.8251,7008.333333333333,2735.0
2019-Q1,PHP,3.5743,30363.0,12700.0
2019-Q1,Perl,1.1182,9495.333333333334,3435.0
2019-Q1,Python,14.5674,123798.33333333333,50706.666666666664
2019-Q1,R,2.8014,23801.0,9488.0
2019-Q1,Ruby,1.9476,16539.0,6715.333333333333
2019-Q1,Rust,3.3745,28662.0,14456.666666666666
2019-Q1,Scala,2.1441,18214.333333333332,7343.0
2019-Q1,Swift,2.5951,22041.333333333332,8970.333333333334
2019-Q1,TypeScript,11.2581,95659.33333333333,39416.0
2019-Q2,C,3.3679,29822.333333333332,11845.0
2019-Q2,C#,4.8051,42545.666666666664,16293.0
2019-Q2,C++,4.4154,39091.666666666664,15316.333333333334
2019-Q2,Dart,4.6424,41112.0,16846.0
2019-Q2,Go,4.6692,41349.333333333336,16557.333333333332
2019-Q2,Haskell,1.0055,8903.0,3521.0
2019-Q2,Java,8.5536,75743.33333333333,28573.333333333332
2019-Q2,JavaScript,17.6518,156323.33333333334,58144.0
2019-Q2,Julia,2.1342,18897.666666666668,7417.666666666667
2019-Q2,Kotlin,2.8338,25094.0,10269.666666666666
2019-Q2,Lua,1.4105,12489.666666666666,5008.666666666667
2019-Q2,Objective-C,0.7466,6611.0,2610.0
2019-Q2,PHP,3.5321,31278.333333333332,11949.0
2019-Q2,Perl,1.0872,9626.666666666666,4138.333333333333
2019-Q2,Python,14.9941,132777.0,55956.333333333336
2019-Q2,R,2.7631,24467.0,10256.0
2019-Q2,Ruby,1.8505,16386.0,6283.0
2019-Q2,Rust,3.4973,30969.333333333332,14208.666666666666
2019-Q2,Scala,2.2487,19913.0,8413.333333333334
2019-Q2,Swift,2.6851,23777.333333333332,9623.0
2019-Q2,TypeScript,11.1057,98355.33333333333,41543.333333333336
2019-Q3,C,3.5188,30970.0,12221.333333333334
2019-Q3,C#,4.704,41407.333333333336,15498.333333333334
2019-Q3,C++,4.2784,37655.666666666664,14642.0
2019-Q3,Dart,4.2397,37317.333333333336,14912.0
2019-Q3,Go,4.9896,43915.0,17362.666666666668
2019-Q3,Haskell,1.0192,8971.333333333334,3601.3333333333335
2019-Q3,Java,8.133,71585.66666666667,26772.0
2019-Q3,JavaScript,18.582,163548.0,60739.666666666664
2019-Q3,Julia,2.0724,18240.333333333332,7392.0
2019-Q3,Kotlin,2.78,24466.666666666668,10353.0
2019-Q3,Lua,1.4031,12349.0,5097.666666666667
2019-Q3,Objective-C,0.6891,6065.333333333333,2560.6666666666665
2019-Q3,PHP,3.3625,29594.666666666668,11904.333333333334
2019-Q3,Perl,1.0623,9349.666666666666,3598.0
2019-Q3,Python,15.3779,135351.0,54146.666666666664
2019-Q3,R,2.7881,24538.666666666668,9650.666666666666
2019-Q3,Ruby,1.7543,15441.333333333334,6295.0
2019-Q3,Rust,3.6587,32200.0,14648.0
2019-Q3,Scala,2.1574,18988.0,7394.333333333333
2019-Q3,Swift,2.5707,22625.666666666668,9112.0
2019-Q3,TypeScript,10.859,95579.0,38893.666666666664
2019-Q4,C,3.5607,31990.333333333332,13245.666666666666
2019-Q4,C#,4.7778,42910.333333333336,16215.0
2019-Q4,C++,4.19,37651.0,14605.333333333334
2019-Q4,Dart,4.5071,40489.0,15410.333333333334
2019-Q4,Go,4.9758,44700.333333333336,18109.0
2019-Q4,Haskell,1.0624,9541.666666666666,4131.666666666667
2019-Q4,Java,8.399,75462.66666666667,29996.0
2019-Q4,JavaScript,18.5162,166226.0,58855.333333333336
2019-Q4,Julia,2.1752,19542.333333333332,8042.333333333333
2019-Q4,Kotlin,2.8124,25247.0,10038.666666666666
2019-Q4,Lua,1.3867,12455.0,4831.666666666667
2019-Q4,Objective-C,0.5792,5202.0,2149.6666666666665
2019-Q4,PHP,3.2013,28746.0,11051.666666666666
2019-Q4,Perl,0.9682,8696.666666666666,3557.3333333333335
2019-Q4,Python,14.8014,132923.33333333334,49970.333333333336
2019-Q4,R,2.8949,26012.333333333332,10216.333333333334
2019-Q4,Ruby,1.6277,14618.0,5761.333333333333
2019-Q4,Rust,3.5972,32315.333333333332,13867.666666666666
2019-Q4,Scala,2.0818,18690.0,7585.0
2019-Q4,Swift,2.6627,23904.666666666668,9234.0
2019-Q4,TypeScript,11.2222,100825.0,44677.666666666664
2020-Q1,C,3.3119,31806.666666666668,12994.0
2020-Q1,C#,4.6817,44955.0,19757.0
2020-Q1,C++,4.3447,41749.666666666664,17023.666666666668
2020-Q1,Dart,4.4285,42551.333333333336,17487.333333333332
2020-Q1,Go,4.8715,46782.0,19107.666666666668
2020-Q1,Haskell,0.9989,9596.0,3740.3333333333335
2020-Q1,Java,8.2471,79195.66666666667,28399.333333333332
2020-Q1,JavaScript,18.3722,176459.66666666666,64314.333333333336
2020-Q1,Julia,2.1488,20646.333333333332,8350.333333333334
2020-Q1,Kotlin,2.8145,27019.666666666668,10787.666666666666
2020-Q1,Lua,1.3837,13283.666666666666,5809.666666666667
2020-Q1,Objective-C,0.4711,4521.666666666667,1784.3333333333333
2020-Q1,PHP,3.1922,30668.666666666668,12600.666666666666
2020-Q1,Perl,0.8887,8529.333333333334,3581.3333333333335
2020-Q1,Python,16.1816,155395.66666666666,61129.0
2020-Q1,R,2.8253,27133.0,11113.0
2020-Q1,Ruby,1.5793,15157.666666666666,6104.333333333333
2020-Q1,Rust,3.5837,34417.666666666664,17108.0
2020-Q1,Scala,2.1162,20315.666666666668,7401.666666666667
2020-Q1,Swift,2.671,25671.666666666668,10135.333333333334
2020-Q1,TypeScript,10.8876,104589.66666666667,44567.0
2020-Q2,C,3.5016,34950.333333333336,14380.0
2020-Q2,C#,4.5737,45651.0,18890.333333333332
2020-Q2,C++,4.2106,42028.0,17094.666666666668
2020-Q2,Dart,4.4566,44484.0,17455.666666666668
2020-Q2,Go,4.9508,49414.333333333336,20160.333333333332
2020-Q2,Haskell,1.0439,10419.666666666666,4390.333333333333
2020-Q2,Java,8.4851,84689.33333333333,32124.0
2020-Q2,JavaScript,18.2906,182547.0,65366.333333333336
2020-Q2,Julia,2.0686,20648.333333333332,8515.666666666666
2020-Q2,Kotlin,2.9578,29521.666666666668,11864.0
2020-Q2,Lua,1.3382,13357.333333333334,4860.0
2020-Q2,Objective-C,0.3916,3908.0,1565.0
2020-Q2,PHP,2.9989,29930.0,11612.666666666666
2020-Q2,Perl,0.8887,8870.666666666666,3616.3333333333335
2020-Q2,Python,15.5526,155234.66666666666,61421.0
2020-Q2,R,2.852,28465.333333333332,10997.0
2020-Q2,Ruby,1.5396,15366.0,5933.666666666667
2020-Q2,Rust,3.7337,37266.666666666664,19270.0
2020-Q2,Scala,2.0282,20245.0,8250.333333333334
2020-Q2,Swift,2.6449,26402.666666666668,10876.0
2020-Q2,TypeScript,11.4923,114718.33333333333,46168.333333333336
2020-Q3,C,3.3996,33622.0,13578.666666666666
2020-Q3,C#,4.7701,47179.666666666664,19315.333333333332
2020-Q3,C++,4.3797,43319.0,17280.0
2020-Q3,Dart,4.5267,44772.666666666664,18059.0
2020-Q3,Go,5.0678,50127.666666666664,19613.333333333332
2020-Q3,Haskell,1.0457,10344.0,4271.333333333333
2020-Q3,Java,8.0811,79926.0,31519.0
2020-Q3,JavaScript,18.1449,179466.0,62345.0
2020-Q3,Julia,2.2271,22030.333333333332,8888.333333333334
2020-Q3,Kotlin,2.8649,28341.0,11074.666666666666
2020-Q3,Lua,1.3907,13756.0,5839.0
2020-Q3,Objective-C,0.2767,2737.6666666666665,1048.0
2020-Q3,PHP,2.8254,27944.333333333332,11366.0
2020-Q3,Perl,0.858,8486.0,3574.3333333333335
2020-Q3,Python,15.8752,157023.66666666666,59917.0
2020-Q3,R,2.752,27220.0,11142.0
2020-Q3,Ruby,1.4251,14096.666666666666,6322.0
2020-Q3,Rust,3.4166,33791.333333333336,15833.333333333334
2020-Q3,Scala,2.1012,20784.0,8183.333333333333
2020-Q3,Swift,2.6673,26383.333333333332,10172.0
2020-Q3,TypeScript,11.9045,117746.33333333333,48522.666666666664
2020-Q4,C,3.2016,32220.333333333332,12173.666666666666
2020-Q4,C#,4.6377,46680.333333333336,20643.0
2020-Q4,C++,4.3012,43289.666666666664,17560.0
2020-Q4,Dart,4.5496,45777.0,17908.0
2020-Q4,Go,5.0993,51374.666666666664,21233.333333333332
2020-Q4,Haskell,1.0578,10647.0,4460.0
2020-Q4,Java,8.253,83003.66666666667,32218.0
2020-Q4,JavaScript,19.3559,194827.33333333334,67754.33333333333
2020-Q4,Julia,2.1873,22018.666666666668,9453.0
2020-Q4,Kotlin,2.9738,29937.333333333332,12221.0
2020-Q4,Lua,1.3614,13711.333333333334,5409.0
2020-Q4,Objective-C,0.1817,1825.6666666666667,727.0
2020-Q4,PHP,2.8685,28860.0,11611.333333333334
2020-Q4,Perl,0.753,7576.333333333333,2998.0
2020-Q4,Python,15.2607,153589.33333333334,64681.0
2020-Q4,R,2.9768,29979.0,12058.0
2020-Q4,Ruby,1.2723,12803.0,5226.0
2020-Q4,Rust,3.6962,37203.0,18675.666666666668
2020-Q4,Scala,2.0478,20610.333333333332,8074.0
2020-Q4,Swift,2.6379,26542.666666666668,10350.0
2020-Q4,TypeScript,11.3265,113947.33333333333,48380.666666666664
2021-Q1,C,3.2847,35260.333333333336,14488.0
2021-Q1,C#,4.6937,50387.666666666664,19236.666666666668
2021-Q1,C++,4.3564,46778.0,19127.333333333332
2021-Q1,Dart,4.6446,49849.666666666664,19463.0
2021-Q1,Go,5.2803,56671.0,22809.333333333332
2021-Q1,Haskell,1.0669,11447.666666666666,4548.0
2021-Q1,Java,7.8421,84202.66666666667,33930.333333333336
2021-Q1,JavaScript,18.7845,201427.0,73369.66666666667
2021-Q1,Julia,2.1835,23435.0,9345.333333333334
2021-Q1,Kotlin,2.9049,31186.333333333332,11945.0
2021-Q1,Lua,1.4034,15076.333333333334,5946.666666666667
2021-Q1,Objective-C,0.1014,1083.6666666666667,444.0
2021-Q1,PHP,2.7094,29074.666666666668,12537.0
2021-Q1,Perl,0.712,7639.333333333333,3242.3333333333335
2021-Q1,Python,15.7839,169370.66666666666,66496.33333333333
2021-Q1,R,3.0358,32594.666666666668,13251.333333333334
2021-Q1,Ruby,1.2766,13697.333333333334,5611.0
2021-Q1,Rust,3.7741,40516.333333333336,19600.666666666668
2021-Q1,Scala,2.0679,22199.666666666668,9153.666666666666
2021-Q1,Swift,2.6487,28437.0,11142.666666666666
2021-Q1,TypeScript,11.4451,122972.66666666667,50842.666666666664
2021-Q2,C,3.3204,36939.666666666664,15363.0
2021-Q2,C#,4.5336,50437.0,20951.333333333332
2021-Q2,C++,4.4624,49646.333333333336,20656.333333333332
2021-Q2,Dart,4.6778,52044.0,21103.0
2021-Q2,Go,5.0037,55668.333333333336,22513.333333333332
2021-Q2,Haskell,1.039,11558.666666666666,4665.666666666667
2021-Q2,Java,7.9771,88756.33333333333,35104.666666666664
2021-Q2,JavaScript,18.9665,211008.0,74428.33333333333
2021-Q2,Julia,2.2143,24635.0,9873.666666666666
2021-Q2,Kotlin,2.9734,33079.0,12725.666666666666
2021-Q2,Lua,1.3066,14535.666666666666,5972.333333333333
2021-Q2,Objective-C,0.0237,263.0,110.0
2021-Q2,PHP,2.6126,29067.0,12068.0
2021-Q2,Perl,0.6599,7341.333333333333,2885.0
2021-Q2,Python,15.7459,175171.33333333334,69422.33333333333
2021-Q2,R,2.9179,32460.666666666668,12589.0
2021-Q2,Ruby,1.1488,12781.333333333334,5006.333333333333
2021-Q2,Rust,3.7068,41242.333333333336,19801.666666666668
2021-Q2,Scala,2.0124,22387.666666666668,8825.333333333334
2021-Q2,Swift,2.7378,30458.666666666668,11716.0
2021-Q2,TypeScript,11.9673,133141.0,54536.666666666664
2021-Q3,C,3.3609,36964.666666666664,15017.333333333334
2021-Q3,C#,4.6093,50680.333333333336,20123.666666666668
2021-Q3,C++,4.302,47302.333333333336,18766.0
2021-Q3,Dart,4.7835,52612.333333333336,20919.333333333332
2021-Q3,Go,5.0482,55513.333333333336,21578.333333333332
2021-Q3,Haskell,1.0314,11342.0,4821.666666666667
2021-Q3,Java,7.8906,86774.33333333333,35312.0
2021-Q3,JavaScript,18.3839,202172.33333333334,72348.0
2021-Q3,Julia,2.237,24601.333333333332,9568.666666666666
2021-Q3,Kotlin,3.0069,33069.666666666664,12911.666666666666
2021-Q3,Lua,1.4165,15578.0,6285.666666666667
2021-Q3,PHP,2.5722,28290.666666666668,11976.0
2021-Q3,Perl,0.5997,6597.0,2747.6666666666665
2021-Q3,Python,16.0587,176613.66666666666,66753.33333333333
2021-Q3,R,2.8968,31857.333333333332,12416.0
2021-Q3,Ruby,1.0976,12072.0,4744.0
2021-Q3,Rust,3.9661,43619.666666666664,21116.666666666668
2021-Q3,Scala,1.9798,21772.333333333332,8525.333333333334
2021-Q3,Swift,2.6266,28888.666666666668,10825.666666666666
2021-Q3,TypeScript,12.1322,133432.66666666666,55690.0
2021-Q4,C,3.4354,38341.666666666664,16032.333333333334
2021-Q4,C#,4.3709,48813.333333333336,19702.666666666668
2021-Q4,C++,4.0981,45745.666666666664,18080.0
2021-Q4,Dart,4.5483,50759.666666666664,20316.333333333332
2021-Q4,Go,5.4135,60442.0,23939.333333333332
2021-Q4,Haskell,0.9943,11102.0,4579.333333333333
2021-Q4,Java,7.9631,88967.0,35680.333333333336
2021-Q4,JavaScript,19.5988,218749.33333333334,73290.66666666667
2021-Q4,Julia,2.3082,25767.0,10062.666666666666
2021-Q4,Kotlin,2.866,31988.333333333332,12511.333333333334
2021-Q4,Lua,1.3796,15403.0,6035.333333333333
2021-Q4,PHP,2.3255,25948.333333333332,10241.666666666666
2021-Q4,Perl,0.5658,6312.333333333333,2519.6666666666665
2021-Q4,Python,15.7304,175605.0,73713.0
2021-Q4,R,2.96,33032.666666666664,13858.333333333334
2021-Q4,Ruby,0.9811,10951.333333333334,4254.0
2021-Q4,Rust,3.8412,42888.666666666664,21550.0
2021-Q4,Scala,2.0012,22320.666666666668,9019.666666666666
2021-Q4,Swift,2.7326,30493.0,12310.0
2021-Q4,TypeScript,11.8858,132736.33333333334,54106.0
2022-Q1,C,3.2919,39097.666666666664,15509.333333333334
2022-Q1,C#,4.6,54612.666666666664,22965.0
2022-Q1,C++,4.2379,50331.0,20546.0
2022-Q1,Dart,4.839,57489.333333333336,22791.333333333332
2022-Q1,Go,5.4147,64283.333333333336,25092.333333333332
2022-Q1,Haskell,1.0297,12229.333333333334,4842.333333333333
2022-Q1,Java,7.7447,92052.33333333333,33560.0
2022-Q1,JavaScript,19.5114,231813.66666666666,82069.0
2022-Q1,Julia,2.1996,26104.666666666668,10428.0
2022-Q1,Kotlin,2.892,34356.333333333336,13236.333333333334
2022-Q1,Lua,1.3329,15832.333333333334,6427.0
2022-Q1,PHP,2.1485,25516.0,10235.333333333334
2022-Q1,Perl,0.5112,6065.0,2372.0
2022-Q1,Python,15.7108,186674.0,74827.33333333333
2022-Q1,R,2.7597,32778.666666666664,13076.333333333334
2022-Q1,Ruby,0.8575,10180.333333333334,4070.3333333333335
2022-Q1,Rust,3.902,46325.666666666664,22744.0
2022-Q1,Scala,1.8941,22489.666666666668,9104.333333333334
2022-Q1,Swift,2.643,31400.333333333332,13208.0
2022-Q1,TypeScript,12.4794,148232.66666666666,63698.666666666664
2022-Q2,C,3.1545,38756.0,15244.666666666666
2022-Q2,C#,4.4819,55064.0,21689.333333333332
2022-Q2,C++,4.3534,53483.666666666664,22259.0
2022-Q2,Dart,4.6416,57028.0,21985.333333333332
2022-Q2,Go,5.4114,66486.66666666667,26748.666666666668
2022-Q2,Haskell,1.0419,12801.666666666666,5394.333333333333
2022-Q2,Java,7.6997,94595.66666666667,36301.666666666664
2022-Q2,JavaScript,18.5314,227687.33333333334,78906.33333333333
2022-Q2,Julia,2.3054,28324.666666666668,11581.666666666666
2022-Q2,Kotlin,2.8784,35367.333333333336,14544.0
2022-Q2,Lua,1.338,16439.333333333332,6408.666666666667
2022-Q2,PHP,2.193,26943.333333333332,10862.0
2022-Q2,Perl,0.4859,5969.333333333333,2398.6666666666665
2022-Q2,Python,16.2618,199795.33333333334,86042.66666666667
2022-Q2,R,2.7983,34379.666666666664,13121.0
2022-Q2,Ruby,0.8222,10101.666666666666,4048.6666666666665
2022-Q2,Rust,3.9667,48737.333333333336,22255.0
2022-Q2,Scala,1.911,23478.666666666668,9552.333333333334
2022-Q2,Swift,2.6753,32869.0,13324.666666666666
2022-Q2,TypeScript,13.0481,160315.66666666666,69558.66666666667
2022-Q3,C,3.3768,40922.333333333336,17045.0
2022-Q3,C#,4.3926,53233.666666666664,21371.0
2022-Q3,C++,4.1554,50361.333333333336,19609.0
2022-Q3,Dart,4.8247,58473.666666666664,23676.666666666668
2022-Q3,Go,5.1739,62700.333333333336,23387.333333333332
2022-Q3,Haskell,1.0312,12496.333333333334,5054.666666666667
2022-Q3,Java,7.5798,91871.66666666667,34951.333333333336
2022-Q3,JavaScript,19.3293,234259.0,82313.66666666667
2022-Q3,Julia,2.2314,27050.0,10647.666666666666
2022-Q3,Kotlin,2.9211,35407.666666666664,15239.0
2022-Q3,Lua,1.3001,15760.0,6217.0
2022-Q3,PHP,1.9594,23745.0,9755.0
2022-Q3,Perl,0.4303,5215.666666666667,2107.6666666666665
2022-Q3,Python,16.6551,201851.66666666666,85461.33333333333
2022-Q3,R,2.9802,36123.333333333336,14761.0
2022-Q3,Ruby,0.735,8908.666666666666,3251.3333333333335
2022-Q3,Rust,3.9757,48190.333333333336,21966.666666666668
2022-Q3,Scala,1.8013,21841.333333333332,8738.333333333334
2022-Q3,Swift,2.669,32343.0,13939.333333333334
2022-Q3,TypeScript,12.4779,151240.0,61668.0
2022-Q4,C,3.2279,39632.333333333336,15250.333333333334
2022-Q4,C#,4.3983,54013.0,20939.666666666668
2022-Q4,C++,4.2714,52453.666666666664,21173.333333333332
2022-Q4,Dart,4.7941,58860.0,23418.0
2022-Q4,Go,5.297,65045.0,26343.333333333332
2022-Q4,Haskell,1.0447,12822.666666666666,4936.333333333333
2022-Q4,Java,6.978,85667.66666666667,34750.666666666664
2022-Q4,JavaScript,19.9939,245494.0,88766.0
2022-Q4,Julia,2.2539,27675.666666666668,10774.0
2022-Q4,Kotlin,2.9395,36077.333333333336,14221.0
2022-Q4,Lua,1.3728,16856.666666666668,6479.0
2022-Q4,PHP,1.9564,24014.333333333332,8944.666666666666
2022-Q4,Perl,0.3661,4492.666666666667,1843.6666666666667
2022-Q4,Python,16.5243,202918.66666666666,84305.66666666667
2022-Q4,R,2.9409,36104.0,13976.666666666666
2022-Q4,Ruby,0.6367,7815.0,3215.3333333333335
2022-Q4,Rust,3.9442,48396.0,24489.0
2022-Q4,Scala,1.8315,22490.333333333332,9491.333333333334
2022-Q4,Swift,2.6789,32881.0,12491.333333333334
2022-Q4,TypeScript,12.5495,154134.0,60359.666666666664
2023-Q1,C,3.1596,41195.666666666664,15715.0
2023-Q1,C#,4.3932,57311.333333333336,22061.0
2023-Q1,C++,4.1222,53759.0,19866.0
2023-Q1,Dart,4.9317,64289.333333333336,24592.0
2023-Q1,Go,5.5492,72343.33333333333,28262.0
2023-Q1,Haskell,1.0182,13272.0,5113.666666666667
2023-Q1,Java,7.3484,95858.33333333333,37433.333333333336
2023-Q1,JavaScript,19.3901,252865.66666666666,92319.66666666667
2023-Q1,Julia,2.3746,30951.666666666668,12210.0
2023-Q1,Kotlin,2.9241,38136.666666666664,14791.666666666666
2023-Q1,Lua,1.2604,16435.333333333332,6438.666666666667
2023-Q1,PHP,1.6906,22030.333333333332,8684.333333333334
2023-Q1,Perl,0.3264,4253.333333333333,1659.3333333333333
2023-Q1,Python,17.2896,225444.66666666666,91226.66666666667
2023-Q1,R,2.7615,35997.333333333336,14479.333333333334
2023-Q1,Ruby,0.5761,7506.666666666667,2989.0
2023-Q1,Rust,4.0157,52402.666666666664,24796.333333333332
2023-Q1,Scala,1.8376,23958.0,9785.666666666666
2023-Q1,Swift,2.746,35812.666666666664,13023.0
2023-Q1,TypeScript,12.2849,160159.0,68947.0
2023-Q2,C,3.1663,42629.333333333336,16974.0
2023-Q2,C#,4.4445,59830.0,25567.0
2023-Q2,C++,4.3042,57948.666666666664,23354.0
2023-Q2,Dart,4.8247,64954.0,26405.666666666668
2023-Q2,Go,5.4522,73409.66666666667,28629.333333333332
2023-Q2,Haskell,1.0491,14124.0,5810.666666666667
2023-Q2,Java,6.8465,92168.0,34905.0
2023-Q2,JavaScript,18.5911,250274.66666666666,83637.33333333333
2023-Q2,Julia,2.2988,30948.333333333332,12908.0
2023-Q2,Kotlin,2.9426,39613.333333333336,16236.333333333334
2023-Q2,Lua,1.2881,17341.0,6932.0
2023-Q2,PHP,1.6997,22881.666666666668,8898.333333333334
2023-Q2,Perl,0.2731,3677.0,1499.3333333333333
2023-Q2,Python,17.2685,232483.33333333334,95824.33333333333
2023-Q2,R,2.9223,39340.0,15952.333333333334
2023-Q2,Ruby,0.4775,6428.0,2496.3333333333335
2023-Q2,Rust,4.2172,56773.666666666664,27611.333333333332
2023-Q2,Scala,1.8456,24846.666666666668,10597.0
2023-Q2,Swift,2.6952,36285.666666666664,14454.333333333334
2023-Q2,TypeScript,13.3927,180306.33333333334,77054.33333333333
2023-Q3,C,3.069,40690.0,17047.333333333332
2023-Q3,C#,4.2287,56062.666666666664,22439.666666666668
2023-Q3,C++,4.1906,55563.0,22134.333333333332
2023-Q3,Dart,4.7967,63593.0,24879.333333333332
2023-Q3,Go,5.4205,71873.0,29454.666666666668
2023-Q3,Haskell,1.018,13496.0,5566.0
2023-Q3,Java,7.4746,99083.0,36106.333333333336
2023-Q3,JavaScript,20.0085,265252.3333333333,94815.0
2023-Q3,Julia,2.2453,29763.333333333332,11278.666666666666
2023-Q3,Kotlin,2.8251,37458.333333333336,15229.0
2023-Q3,Lua,1.3445,17827.0,7054.666666666667
2023-Q3,PHP,1.5229,20187.666666666668,8286.0
2023-Q3,Perl,0.2165,2870.6666666666665,1138.3333333333333
2023-Q3,Python,16.406,217481.0,84946.66666666667
2023-Q3,R,2.8608,37918.333333333336,14839.666666666666
2023-Q3,Ruby,0.4035,5351.333333333333,2037.0
2023-Q3,Rust,4.1827,55447.0,26622.666666666668
2023-Q3,Scala,1.8342,24318.0,9503.333333333334
2023-Q3,Swift,2.7088,35911.0,14831.666666666666
2023-Q3,TypeScript,13.2432,175554.66666666666,71846.33333333333
2023-Q4,C,3.0541,40946.666666666664,16379.333333333334
2023-Q4,C#,4.4223,59295.333333333336,24501.333333333332
2023-Q4,C++,4.2065,56430.333333333336,22516.333333333332
2023-Q4,Dart,5.1098,68493.0,27733.0
2023-Q4,Go,5.4993,73704.0,29330.0
2023-Q4,Haskell,1.011,13548.333333333334,5293.666666666667
2023-Q4,Java,6.8477,91840.66666666667,34079.333333333336
2023-Q4,JavaScript,19.4465,260697.0,96221.0
2023-Q4,Julia,2.4066,32257.333333333332,13052.333333333334
2023-Q4,Kotlin,2.9426,39451.0,17168.666666666668
2023-Q4,Lua,1.3388,17955.666666666668,7419.666666666667
2023-Q4,PHP,1.4555,19512.333333333332,7755.0
2023-Q4,Perl,0.1864,2497.3333333333335,979.3333333333334
2023-Q4,Python,16.9948,227869.66666666666,92988.0
2023-Q4,R,2.9309,39309.666666666664,16145.666666666666
2023-Q4,Ruby,0.319,4269.666666666667,1797.3333333333333
2023-Q4,Rust,3.9959,53577.0,25602.666666666668
2023-Q4,Scala,1.7541,23514.0,9374.333333333334
2023-Q4,Swift,2.7122,36377.0,14338.333333333334
2023-Q4,TypeScript,13.366,179199.33333333334,69538.66666666667
2024-Q1,C,3.1017,44092.333333333336,17223.666666666668
2024-Q1,C#,4.6428,65937.33333333333,29139.0
2024-Q1,C++,4.3424,61744.0,25159.666666666668
2024-Q1,Dart,4.8929,69532.0,28005.666666666668
2024-Q1,Go,5.3072,75384.33333333333,29782.0
2024-Q1,Haskell,1.0217,14532.333333333334,5727.0
2024-Q1,Java,6.7054,95351.66666666667,38552.333333333336
2024-Q1,JavaScript,18.8774,268262.3333333333,97252.0
2024-Q1,Julia,2.3472,33368.0,13056.666666666666
2024-Q1,Kotlin,2.9828,42390.0,17440.333333333332
2024-Q1,Lua,1.2922,18356.666666666668,7757.333333333333
2024-Q1,PHP,1.3676,19438.0,8162.666666666667
2024-Q1,Perl,0.1362,1935.0,815.3333333333334
2024-Q1,Python,17.731,252173.0,98506.0
2024-Q1,R,3.0305,43093.0,17090.333333333332
2024-Q1,Ruby,0.235,3335.3333333333335,1380.0
2024-Q1,Rust,3.9863,56725.0,26234.666666666668
2024-Q1,Scala,1.7053,24244.666666666668,9034.0
2024-Q1,Swift,2.7415,38941.333333333336,15758.0
2024-Q1,TypeScript,13.5529,192715.33333333334,83952.66666666667
2024-Q2,C,3.1098,45568.0,17039.0
2024-Q2,C#,4.4836,65699.33333333333,25537.666666666668
2024-Q2,C++,4.2322,62016.0,22975.666666666668
2024-Q2,Dart,5.2158,76429.33333333333,30343.666666666668
2024-Q2,Go,5.4434,79762.0,31208.0
2024-Q2,Haskell,1.0304,15099.0,6083.666666666667
2024-Q2,Java,7.1859,105292.66666666667,40635.666666666664
2024-Q2,JavaScript,19.209,281489.0,104985.33333333333
2024-Q2,Julia,2.3556,34516.333333333336,13749.333333333334
2024-Q2,Kotlin,2.9681,43492.666666666664,18086.666666666668
2024-Q2,Lua,1.309,19182.0,7719.0
2024-Q2,PHP,1.2915,18926.0,7196.0
2024-Q2,Perl,0.0862,1262.6666666666667,536.6666666666666
2024-Q2,Python,17.2063,252129.0,105882.33333333333
2024-Q2,R,2.8311,41484.0,16006.333333333334
2024-Q2,Ruby,0.1535,2249.0,946.6666666666666
2024-Q2,Rust,4.2235,61884.333333333336,28600.666666666668
2024-Q2,Scala,1.7053,24987.666666666668,9713.666666666666
2024-Q2,Swift,2.7539,40354.333333333336,15469.333333333334
2024-Q2,TypeScript,13.2059,193518.66666666666,77360.33333333333
2024-Q3,C,3.1162,44901.333333333336,17679.666666666668
2024-Q3,C#,4.3704,62970.666666666664,25655.666666666668
2024-Q3,C++,4.26,61383.333333333336,23963.666666666668
2024-Q3,Dart,4.9396,71193.0,29096.0
2024-Q3,Go,5.4995,79246.0,31938.333333333332
2024-Q3,Haskell,1.053,15173.333333333334,6180.666666666667
2024-Q3,Java,6.8771,99070.33333333333,38041.666666666664
2024-Q3,JavaScript,19.6196,282624.3333333333,104807.33333333333
2024-Q3,Julia,2.3646,34064.0,14046.0
2024-Q3,Kotlin,3.0857,44460.666666666664,17687.333333333332
2024-Q3,Lua,1.3578,19563.0,7690.0
2024-Q3,PHP,1.2197,17576.0,6975.666666666667
2024-Q3,Perl,0.043,620.0,248.0
2024-Q3,Python,16.7205,240905.0,103358.66666666667
2024-Q3,R,2.9566,42595.333333333336,17649.666666666668
2024-Q3,Ruby,0.0722,1041.3333333333333,411.0
2024-Q3,Rust,4.3847,63179.333333333336,30288.333333333332
2024-Q3,Scala,1.6282,23456.666666666668,9170.666666666666
2024-Q3,Swift,2.7238,39247.666666666664,16692.333333333332
2024-Q3,TypeScript,13.7079,197498.33333333334,88585.0
2024-Q4,C,2.9577,43013.666666666664,17582.0
2024-Q4,C#,4.277,62232.333333333336,24788.0
2024-Q4,C++,4.0652,59144.333333333336,23764.333333333332
2024-Q4,Dart,4.9544,72096.0,29550.333333333332
2024-Q4,Go,5.4382,79162.0,30294.0
2024-Q4,Haskell,1.0335,15044.333333333334,6023.333333333333
2024-Q4,Java,6.7937,98874.33333333333,36365.333333333336
2024-Q4,JavaScript,20.2009,293751.6666666667,112179.66666666667
2024-Q4,Julia,2.4286,35346.0,14321.0
2024-Q4,Kotlin,2.904,42252.666666666664,16697.333333333332
2024-Q4,Lua,1.3428,19535.333333333332,8115.0
2024-Q4,PHP,1.0503,15280.333333333334,6163.0
2024-Q4,Perl,0.0109,156.0,60.0
2024-Q4,Python,17.4454,253808.66666666666,97837.0
2024-Q4,R,2.809,40869.0,15935.333333333334
2024-Q4,Ruby,0.0178,256.0,103.0
2024-Q4,Rust,4.4009,64065.333333333336,30152.666666666668
2024-Q4,Scala,1.6847,24513.333333333332,10481.0
2024-Q4,Swift,2.8022,40772.666666666664,16056.333333333334
2024-Q4,TypeScript,13.402,195076.0,85819.33333333333
