year,language,avg_share_pct,avg_push_events,avg_unique_actors
2011,C,5.3601,5571.666666666667,2251.4166666666665
2011,C#,6.2638,6505.0,2637.0
2011,C++,5.3887,5586.75,2338.8333333333335
2011,Haskell,1.287,1334.25,542.9166666666666
2011,Java,14.761,15326.416666666666,5957.833333333333
2011,JavaScript,19.5809,20391.25,7333.083333333333
2011,Lua,1.9238,2002.25,814.25
2011,Objective-C,5.1723,5344.5,2118.5833333333335
2011,PHP,9.4051,9741.5,4019.0833333333335
2011,Perl,3.601,3729.3333333333335,1460.6666666666667
2011,Python,14.0453,14650.416666666666,5692.666666666667
2011,R,3.3061,3445.8333333333335,1390.75
2011,Ruby,6.2269,6459.583333333333,2507.0
2011,Scala,3.6779,3810.3333333333335,1527.1666666666667
2012,C,5.2018,9403.5,3746.9166666666665
2012,C#,6.4355,11682.333333333334,4597.583333333333
2012,C++,5.4403,9874.5,3974.1666666666665
2012,Go,1.5025,2909.2,1169.0
2012,Haskell,1.2919,2346.0,931.6666666666666
2012,Java,14.2937,25896.583333333332,10078.666666666666
2012,JavaScript,20.1026,36441.166666666664,12886.75
2012,Lua,1.9033,3454.3333333333335,1396.8333333333333
2012,Objective-C,4.5721,8247.916666666666,3360.3333333333335
2012,PHP,8.6068,15565.916666666666,6208.25
2012,Perl,3.3089,5990.0,2425.5
2012,Python,14.8684,26969.833333333332,10797.666666666666
2012,R,3.3084,6009.333333333333,2518.0833333333335
2012,Ruby,5.6261,10169.666666666666,3923.0
2012,Scala,3.5238,6388.75,2513.6666666666665
2012,TypeScript,1.0569,2220.3333333333335,874.0
2013,C,4.8832,13125.75,5280.333333333333
2013,C#,6.1088,16381.833333333334,6489.916666666667
2013,C++,5.0702,13623.916666666666,5355.416666666667
2013,Dart,0.9322,2586.5833333333335,1022.75
2013,Go,2.71,7348.166666666667,2927.0833333333335
2013,Haskell,1.2439,3348.5,1327.8333333333333
2013,Java,13.1475,35251.333333333336,13831.916666666666
2013,JavaScript,20.0007,53873.666666666664,19879.083333333332
2013,Lua,1.8471,4965.583333333333,2028.8333333333333
2013,Objective-C,3.8337,10264.416666666666,4065.1666666666665
2013,PHP,7.7988,20920.25,8298.916666666666
2013,Perl,2.8797,7720.916666666667,3109.3333333333335
2013,Python,14.9641,40180.916666666664,16922.666666666668
2013,R,3.217,8642.833333333334,3404.8333333333335
2013,Ruby,5.0691,13596.916666666666,5566.666666666667
2013,Scala,3.3477,8972.75,3574.75
2013,TypeScript,2.9462,8074.333333333333,3261.25
2014,C,4.5105,16312.5,6392.5
2014,C#,5.702,20617.916666666668,8444.166666666666
2014,C++,4.9316,17823.5,7038.083333333333
2014,Dart,2.2573,8253.5,3331.5833333333335
2014,Go,4.0622,14802.416666666666,5918.333333333333
2014,Haskell,1.1757,4254.75,1729.5
2014,Java,12.0641,43563.833333333336,16904.333333333332
2014,JavaScript,19.3148,69939.5,25563.916666666668
2014,Julia,0.4154,1544.6666666666667,600.6666666666666
2014,Lua,1.6941,6122.583333333333,2514.5
2014,Objective-C,3.1993,11550.083333333334,4665.333333333333
2014,PHP,6.931,25006.25,10015.583333333334
2014,Perl,2.5137,9061.583333333334,3574.1666666666665
2014,Python,15.0188,54374.666666666664,21882.5
2014,R,3.1086,11247.75,4571.0
2014,Ruby,4.1692,15052.166666666666,5930.5
2014,Scala,3.04,11002.333333333334,4418.166666666667
2014,Swift,0.2573,999.0,418.75
2014,TypeScript,5.806,21225.416666666668,8805.083333333334
2015,C,4.1171,18891.916666666668,7487.916666666667
2015,C#,5.2222,23945.25,9785.416666666666
2015,C++,4.688,21517.916666666668,8507.75
2015,Dart,3.5136,16220.25,6618.916666666667
2015,Go,4.8323,22181.5,8919.5
2015,Haskell,1.0913,5012.083333333333,2001.5
2015,Java,10.9235,50130.666666666664,19544.5
2015,JavaScript,18.5271,85144.91666666667,30527.416666666668
2015,Julia,1.0843,5021.666666666667,2040.8333333333333
2015,Lua,1.621,7441.5,2975.9166666666665
2015,Objective-C,2.5501,11684.5,4775.166666666667
2015,PHP,5.7601,26409.916666666668,10753.833333333334
2015,Perl,2.1404,9813.75,4052.4166666666665
2015,Python,14.7006,67572.5,27931.166666666668
2015,R,2.932,13466.75,5453.666666666667
2015,Ruby,3.6035,16527.416666666668,6580.833333333333
2015,Rust,0.4617,2200.5,1031.125
2015,Scala,2.6872,12331.416666666666,4979.666666666667
2015,Swift,0.8547,3982.75,1609.5
2015,TypeScript,8.8432,40756.083333333336,17208.083333333332
2016,C,3.9501,22123.25,8852.75
2016,C#,5.0705,28388.166666666668,11575.5
2016,C++,4.4469,24896.25,9856.25
2016,Dart,4.1049,22982.083333333332,9362.25
2016,Go,4.9621,27794.833333333332,10891.666666666666
2016,Haskell,1.071,5996.666666666667,2337.5
2016,Java,10.2472,57399.583333333336,22213.666666666668
2016,JavaScript,18.2401,102237.25,36237.0
2016,Julia,1.725,9699.416666666666,3870.6666666666665
2016,Kotlin,0.5235,2994.818181818182,1235.3636363636363
2016,Lua,1.5221,8519.083333333334,3464.0833333333335
2016,Objective-C,1.9688,11011.333333333334,4361.583333333333
2016,PHP,4.9613,27784.416666666668,10877.666666666666
2016,Perl,1.7652,9882.166666666666,4003.6666666666665
2016,Python,14.3935,80587.83333333333,32563.25
2016,R,2.8632,16045.083333333334,6608.833333333333
2016,Ruby,3.0524,17087.166666666668,6797.75
2016,Rust,1.3567,7667.666666666667,3670.5
2016,Scala,2.51,14061.0,5632.083333333333
2016,Swift,1.7432,9814.166666666666,3941.5833333333335
2016,TypeScript,9.566,53604.833333333336,22262.25
2017,C,3.7766,25060.25,9566.833333333334
2017,C#,4.8599,32253.25,13039.083333333334
2017,C++,4.363,28954.333333333332,11259.333333333334
2017,Dart,4.1597,27603.333333333332,11079.0
2017,Go,4.7749,31689.416666666668,12459.5
2017,Haskell,1.049,6958.25,2739.5
2017,Java,9.5298,63274.333333333336,23973.0
2017,JavaScript,17.8237,118362.0,42856.416666666664
2017,Julia,2.026,13460.416666666666,5476.75
2017,Kotlin,1.4388,9604.333333333334,3937.25
2017,Lua,1.4458,9596.833333333334,3879.6666666666665
2017,Objective-C,1.5254,10111.0,4205.416666666667
2017,PHP,4.468,29654.083333333332,11909.333333333334
2017,Perl,1.4897,9880.416666666666,3954.25
2017,Python,14.5458,96581.0,38209.333333333336
2017,R,2.8058,18624.5,7415.333333333333
2017,Ruby,2.5716,17061.583333333332,6909.75
2017,Rust,2.4735,16486.166666666668,8128.5
2017,Scala,2.327,15449.333333333334,6229.75
2017,Swift,2.4734,16444.833333333332,6528.5
2017,TypeScript,10.0725,66859.41666666667,28065.916666666668
2018,C,3.5829,27573.166666666668,11147.75
2018,C#,4.7367,36442.75,14162.5
2018,C++,4.2711,32881.0,13176.833333333334
2018,Dart,4.2217,32520.416666666668,12856.25
2018,Go,4.8458,37319.833333333336,14471.75
2018,Haskell,1.0236,7883.916666666667,3156.6666666666665
2018,Java,8.8385,68038.83333333333,26609.75
2018,JavaScript,18.0593,139034.75,49263.333333333336
2018,Julia,2.0463,15753.666666666666,6208.666666666667
2018,Kotlin,2.3757,18348.666666666668,7628.416666666667
2018,Lua,1.4122,10872.25,4354.166666666667
2018,Objective-C,1.1053,8491.666666666666,3416.9166666666665
2018,PHP,3.9256,30216.333333333332,11972.75
2018,Perl,1.2645,9727.166666666666,3915.9166666666665
2018,Python,14.7119,113344.58333333333,44262.0
2018,R,2.8377,21859.333333333332,8640.083333333334
2018,Ruby,2.1622,16629.25,6659.166666666667
2018,Rust,3.3578,25884.666666666668,12281.583333333334
2018,Scala,2.2319,17185.25,6763.166666666667
2018,Swift,2.5732,19819.333333333332,7977.166666666667
2018,TypeScript,10.4161,80235.33333333333,32743.916666666668
2019,C,3.4703,30485.75,12378.583333333334
2019,C#,4.7981,42129.166666666664,16296.333333333334
2019,C++,4.2903,37689.75,14876.416666666666
2019,Dart,4.4498,39094.666666666664,15602.083333333334
2019,Go,4.8888,42932.833333333336,17306.166666666668
2019,Haskell,1.0273,9024.0,3679.75
2019,Java,8.4536,74244.16666666667,28860.166666666668
2019,JavaScript,18.1122,159083.5,57616.25
2019,Julia,2.1247,18668.25,7594.583333333333
2019,Kotlin,2.8254,24806.666666666668,10205.0
2019,Lua,1.4012,12308.416666666666,4970.916666666667
2019,Objective-C,0.71,6221.666666666667,2513.8333333333335
2019,PHP,3.4175,29995.5,11901.25
2019,Perl,1.059,9292.083333333334,3682.1666666666665
2019,Python,14.9352,131212.41666666666,52695.0
2019,R,2.8119,24704.75,9902.75
2019,Ruby,1.795,15746.083333333334,6263.666666666667
2019,Rust,3.5319,31036.666666666668,14295.25
2019,Scala,2.158,18951.333333333332,7683.916666666667
2019,Swift,2.6284,23087.25,9234.833333333334
2019,TypeScript,11.1113,97604.66666666667,41132.666666666664
2020,C,3.3537,33149.833333333336,13281.583333333334
2020,C#,4.6658,46116.5,19651.416666666668
2020,C++,4.3091,42596.583333333336,17239.583333333332
2020,Dart,4.4903,44396.25,17727.5
2020,Go,4.9973,49424.666666666664,20028.666666666668
2020,Haskell,1.0366,10251.666666666666,4215.5
2020,Java,8.2665,81703.66666666667,31065.083333333332
2020,JavaScript,18.5409,183325.0,64945.0
2020,Julia,2.158,21335.916666666668,8801.833333333334
2020,Kotlin,2.9028,28704.916666666668,11486.833333333334
2020,Lua,1.3685,13527.083333333334,5479.416666666667
2020,Objective-C,0.3302,3248.25,1281.0833333333333
2020,PHP,2.9713,29350.75,11797.666666666666
2020,Perl,0.8471,8365.583333333334,3442.5
2020,Python,15.7175,155310.83333333334,61787.0
2020,R,2.8515,28199.333333333332,11327.5
2020,Ruby,1.4541,14355.833333333334,5896.5
2020,Rust,3.6076,35669.666666666664,17721.75
2020,Scala,2.0733,20488.75,7977.333333333333
2020,Swift,2.6553,26250.083333333332,10383.333333333334
2020,TypeScript,11.4027,112750.41666666667,46909.666666666664
2021,C,3.3504,36876.583333333336,15225.166666666666
2021,C#,4.5519,50079.583333333336,20003.583333333332
2021,C++,4.3047,47368.083333333336,19157.416666666668
2021,Dart,4.6636,51316.416666666664,20450.416666666668
2021,Go,5.1864,57073.666666666664,22710.083333333332
2021,Haskell,1.0329,11362.583333333334,4653.666666666667
2021,Java,7.9182,87175.08333333333,35006.833333333336
2021,JavaScript,18.9334,208339.16666666666,73359.16666666667
2021,Julia,2.2357,24609.583333333332,9712.583333333334
2021,Kotlin,2.9378,32330.833333333332,12523.416666666666
2021,Lua,1.3765,15148.25,6060.0
2021,Objective-C,0.0703,755.4,310.4
2021,PHP,2.5549,28095.166666666668,11705.666666666666
2021,Perl,0.6343,6972.5,2848.6666666666665
2021,Python,15.8298,174190.16666666666,69096.25
2021,R,2.9526,32486.333333333332,13028.666666666666
2021,Ruby,1.126,12375.5,4903.833333333333
2021,Rust,3.8221,42066.75,20517.25
2021,Scala,2.0153,22170.083333333332,8881.0
2021,Swift,2.6864,29569.333333333332,11498.583333333334
2021,TypeScript,11.8576,130570.66666666667,53793.833333333336
2022,C,3.2628,39602.083333333336,15762.333333333334
2022,C#,4.4682,54230.833333333336,21741.25
2022,C++,4.2545,51657.416666666664,20896.833333333332
2022,Dart,4.7749,57962.75,22967.833333333332
2022,Go,5.3243,64628.833333333336,25392.916666666668
2022,Haskell,1.0369,12587.5,5056.916666666667
2022,Java,7.5005,91046.83333333333,34890.916666666664
2022,JavaScript,19.3415,234813.5,83013.75
2022,Julia,2.2475,27288.75,10857.833333333334
2022,Kotlin,2.9078,35302.166666666664,14310.083333333334
2022,Lua,1.3359,16222.083333333334,6382.916666666667
2022,PHP,2.0643,25054.666666666668,9949.25
2022,Perl,0.4484,5435.666666666667,2180.5
2022,Python,16.288,197809.91666666666,82659.25
2022,R,2.8698,34846.416666666664,13733.75
2022,Ruby,0.7629,9251.416666666666,3646.4166666666665
2022,Rust,3.9471,47912.333333333336,22863.666666666668
2022,Scala,1.8595,22575.0,9221.583333333334
2022,Swift,2.6665,32373.333333333332,13240.833333333334
2022,TypeScript,12.6387,153480.58333333334,63821.25
2023,C,3.1123,41365.416666666664,16528.916666666668
2023,C#,4.3722,58124.833333333336,23642.25
2023,C++,4.2059,55925.25,21967.666666666668
2023,Dart,4.9157,65332.333333333336,25902.5
2023,Go,5.4803,72832.5,28919.0
2023,Haskell,1.0241,13610.083333333334,5446.0
2023,Java,7.1293,94737.5,35631.0
2023,JavaScript,19.359,257272.41666666666,91748.25
2023,Julia,2.3313,30980.166666666668,12362.25
2023,Kotlin,2.9086,38664.833333333336,15856.416666666666
2023,Lua,1.308,17389.75,6961.25
2023,PHP,1.5922,21153.0,8405.916666666666
2023,Perl,0.2506,3324.5833333333335,1319.0833333333333
2023,Python,16.9897,225819.66666666666,91246.41666666667
2023,R,2.8689,38141.333333333336,15354.25
2023,Ruby,0.444,5888.916666666667,2329.9166666666665
2023,Rust,4.1029,54550.083333333336,26158.25
2023,Scala,1.8179,24159.166666666668,9815.083333333334
2023,Swift,2.7156,36096.583333333336,14161.833333333334
2023,TypeScript,13.0717,173804.83333333334,71846.58333333333
2024,C,3.0713,44393.833333333336,17381.083333333332
2024,C#,4.4434,64209.916666666664,26280.083333333332
2024,C++,4.2249,61071.916666666664,23965.833333333332
2024,Dart,5.0007,72312.58333333333,29248.916666666668
2024,Go,5.4221,78388.58333333333,30805.583333333332
2024,Haskell,1.0347,14962.25,6003.666666666667
2024,Java,6.8905,99647.25,38398.75
2024,JavaScript,19.4767,281531.8333333333,104806.08333333333
2024,Julia,2.374,34323.583333333336,13793.25
2024,Kotlin,2.9852,43149.0,17477.916666666668
2024,Lua,1.3255,19159.25,7820.333333333333
2024,PHP,1.2323,17805.083333333332,7124.333333333333
2024,Perl,0.0807,1160.9,486.0
2024,Python,17.2758,249753.91666666666,101396.0
2024,R,2.9068,42010.333333333336,16670.416666666668
2024,Ruby,0.14,2013.3,831.6
2024,Rust,4.2488,61463.5,28819.083333333332
2024,Scala,1.6809,24300.583333333332,9599.833333333334
2024,Swift,2.7554,39829.0,15994.0
2024,TypeScript,13.4672,194702.08333333334,83929.33333333333
