month,language,push_events,unique_actors,events_per_actor,actor_rank
2011-01,C#,5597,2360,2.3716101694915253,6
2011-01,C++,4947,1935,2.5565891472868216,7
2011-01,Java,16114,6034,2.6705336426914155,2
2011-01,JavaScript,17370,6181,2.810224882705064,1
2011-01,PHP,10508,3992,2.632264529058116,4
2011-01,Python,11859,4443,2.6691424713031737,3
2011-01,Ruby,8602,3650,2.356712328767123,5
2011-02,C#,6413,2473,2.5932066316215123,6
2011-02,C++,5486,2055,2.669586374695864,7
2011-02,Java,16243,6555,2.477955758962624,2
2011-02,JavaScript,18194,6642,2.7392351701294797,1
2011-02,PHP,11309,4763,2.3743439009027925,4
2011-02,Python,13059,5389,2.423269623306736,3
2011-02,Ruby,9435,3799,2.483548302184785,5
2011-03,C#,6681,2724,2.452643171806167,6
2011-03,C++,6000,2469,2.4301336573511545,7
2011-03,Java,18263,7668,2.381716223265519,1
2011-03,JavaScript,18758,6597,2.843413672881613,2
2011-03,PHP,12155,4943,2.459032975925551,4
2011-03,Python,14273,5500,2.595090909090909,3
2011-03,Ruby,9829,4088,2.4043542074363997,5
2011-04,C#,7130,3018,2.362491716368456,6
2011-04,C++,6299,2446,2.5752248569092395,7
2011-04,Java,19341,7959,2.430079155672823,1
2011-04,JavaScript,21780,7859,2.7713449548288587,2
2011-04,PHP,12614,4844,2.6040462427745665,4
2011-04,Python,14052,6086,2.3089056851790994,3
2011-04,Ruby,10458,4147,2.521823004581625,5
2011-05,C#,8040,3235,2.48531684698609,6
2011-05,C++,6642,2726,2.4365370506236244,7
2011-05,Java,20728,7677,2.700013025921584,2
2011-05,JavaScript,22228,7739,2.8722057113322133,1
2011-05,PHP,12573,5595,2.2471849865951743,4
2011-05,Python,15919,6201,2.5671665860345105,3
2011-05,Ruby,10823,4350,2.4880459770114944,5
2011-06,C#,8206,3199,2.5651766176930293,6
2011-06,C++,7216,2845,2.5363796133567664,7
2011-06,Java,20801,8885,2.3411367473269555,1
2011-06,JavaScript,23262,8461,2.7493204112989007,2
2011-06,PHP,14486,6344,2.283417402269861,3
2011-06,Python,16174,6159,2.626075661633382,4
2011-06,Ruby,11561,4795,2.4110531803962463,5
2011-07,C#,9112,3859,2.361233480176212,6
2011-07,C++,7264,2975,2.4416806722689075,7
2011-07,Java,21809,8709,2.504191066712596,1
2011-07,JavaScript,25118,8318,3.0197162779514306,2
2011-07,PHP,14142,5449,2.5953385942374747,4
2011-07,Python,16876,7268,2.321959273527793,3
2011-07,Ruby,11762,5128,2.2936817472698907,5
2011-08,C#,9372,3523,2.660232756173716,6
2011-08,C++,8407,3331,2.5238667066946863,7
2011-08,Java,21891,8488,2.579052780395853,2
2011-08,JavaScript,26578,9708,2.737742068397198,1
2011-08,PHP,14230,6069,2.34470258691712,4
2011-08,Python,17444,7243,2.408394311749275,3
2011-08,Ruby,12508,5051,2.476341318550782,5
2011-09,C#,9591,3749,2.558282208588957,6
2011-09,C++,8499,3431,2.4771203730690763,7
2011-09,Java,23876,8714,2.739958687170071,2
2011-09,JavaScript,26553,9075,2.9259504132231404,1
2011-09,PHP,14981,6237,2.4019560686227357,4
2011-09,Python,19404,8206,2.364611260053619,3
2011-09,Ruby,12295,4930,2.493914807302231,5
2011-10,C#,9806,3879,2.5279711265790152,6
2011-10,C++,8906,3844,2.316857440166493,7
2011-10,Java,23240,8210,2.830694275274056,2
2011-10,JavaScript,29542,9960,2.9660642570281124,1
2011-10,PHP,16098,5858,2.7480368726527824,4
2011-10,Python,20162,7862,2.564487407784279,3
2011-10,Ruby,13058,5690,2.2949033391915643,5
2011-11,C#,9739,3907,2.492705400563092,6
2011-11,C++,8470,3568,2.3738789237668163,7
2011-11,Java,25161,10975,2.2925740318906604,2
2011-11,JavaScript,32411,11519,2.8136991058251586,1
2011-11,PHP,16661,7035,2.3683013503909027,4
2011-11,Python,21616,8324,2.596828447861605,3
2011-11,Ruby,13471,5813,2.3173920522965767,5
2011-12,C#,10641,4233,2.513819985825656,6
2011-12,C++,9285,3663,2.534807534807535,7
2011-12,Java,25885,10620,2.437382297551789,2
2011-12,JavaScript,31640,11155,2.8363962348722547,1
2011-12,PHP,18740,6737,2.7816535549948047,4
2011-12,Python,24297,9616,2.526726289517471,3
2011-12,Ruby,14863,5165,2.8776379477250726,5
2012-01,C#,12064,5291,2.2800982800982803,6
2012-01,C++,10898,3865,2.8196636481241915,7
2012-01,Java,28332,12126,2.3364670954972784,2
2012-01,JavaScript,33829,12677,2.668533564723515,1
2012-01,PHP,17850,7642,2.3357759748756868,4
2012-01,Python,25511,10262,2.4859676476320405,3
2012-01,Ruby,15496,6717,2.30698228375763,5
2012-02,C#,11991,4730,2.535095137420719,6
2012-02,C++,11094,4590,2.4169934640522874,7
2012-02,Java,28489,11128,2.5601186196980588,3
2012-02,JavaScript,37263,14366,2.593832660448281,1
2012-02,PHP,19796,7464,2.652197213290461,4
2012-02,Python,28714,11652,2.464297974596636,2
2012-02,Ruby,15544,6046,2.5709560039695667,5
2012-03,C#,12315,5501,2.238683875658971,6
2012-03,C++,11256,4265,2.63915592028136,7
2012-03,Go,1087,423,2.569739952718676,8
2012-03,Java,32023,11984,2.672146194926569,2
2012-03,JavaScript,37334,12533,2.978855820633528,1
2012-03,PHP,21685,8926,2.429419672865785,4
2012-03,Python,27611,10872,2.5396431199411333,3
2012-03,Ruby,18137,7772,2.3336335563561503,5
2012-04,C#,13559,5973,2.270048551816508,6
2012-04,C++,12078,4593,2.6296538210320053,7
2012-04,Go,1825,744,2.452956989247312,8
2012-04,Java,34007,11894,2.859172692113671,2
2012-04,JavaScript,40706,16048,2.536515453639083,1
2012-04,PHP,21536,9195,2.342142468733007,4
2012-04,Python,29271,11482,2.5492945479881555,3
2012-04,Ruby,16102,6464,2.491027227722772,5
2012-05,C#,14412,5831,2.471617218315898,6
2012-05,C++,12234,4572,2.6758530183727034,7
2012-05,Go,2367,905,2.6154696132596684,8
2012-05,Java,35161,12939,2.717443388206198,3
2012-05,JavaScript,40248,13650,2.9485714285714284,1
2012-05,PHP,22281,8538,2.6096275474349966,4
2012-05,Python,30737,13230,2.323280423280423,2
2012-05,Ruby,18033,6502,2.773454321747155,5
2012-06,C#,15700,6167,2.545808334684612,6
2012-06,C++,13210,5261,2.5109294810872456,7
2012-06,Go,2762,1078,2.562152133580705,8
2012-06,Java,35003,15513,2.256365628827435,1
2012-06,JavaScript,41637,14003,2.973434264086267,2
2012-06,PHP,22946,10475,2.19054892601432,4
2012-06,Python,31279,12070,2.591466445733223,3
2012-06,Ruby,18098,6599,2.74253674799212,5
2012-07,C#,15010,5868,2.557941376959782,6
2012-07,C++,13287,5014,2.649980055843638,7
2012-07,Go,3201,1367,2.341623994147769,8
2012-07,Java,34242,13286,2.5772994129158517,2
2012-07,JavaScript,43836,16414,2.670647008651152,1
2012-07,PHP,23743,8721,2.7225088865955738,4
2012-07,Python,32333,13048,2.478004291845493,3
2012-07,Ruby,19309,7781,2.481557640406117,5
2012-08,C#,15050,5581,2.696649345995341,7
2012-08,C++,13749,6084,2.259861932938856,6
2012-08,Go,3878,1677,2.312462731067382,8
2012-08,Java,37211,14223,2.6162553610349435,2
2012-08,JavaScript,44733,14711,3.0407858065393243,1
2012-08,PHP,23549,9890,2.381092012133468,4
2012-08,Python,31444,12932,2.4314877822455925,3
2012-08,Ruby,19520,8637,2.260043996758134,5
2012-09,C#,13875,5485,2.5296262534184137,6
2012-09,C++,13218,5039,2.6231395118078984,7
2012-09,Go,4113,1685,2.440949554896142,8
2012-09,Java,37642,14629,2.5731082097204183,2
2012-09,JavaScript,47720,16572,2.8795558773835386,1
2012-09,PHP,23937,9729,2.460376194881283,4
2012-09,Python,34096,14240,2.39438202247191,3
2012-09,Ruby,19350,7505,2.578281145902732,5
2012-10,C#,15031,6234,2.411132499197947,6
2012-10,C++,12622,5541,2.2779281718101427,7
2012-10,Go,4663,1970,2.367005076142132,8
2012-10,Java,36003,13774,2.613837665166255,2
2012-10,JavaScript,48971,17554,2.789734533439672,1
2012-10,PHP,24139,9211,2.620670936923244,4
2012-10,Python,36768,13602,2.703131892368769,3
2012-10,Ruby,20445,8357,2.446452076103865,5
2012-10,TypeScript,1458,641,2.2745709828393137,9
2012-11,C#,16261,6026,2.698473282442748,6
2012-11,C++,13850,5656,2.448727015558698,7
2012-11,Go,4798,2105,2.279334916864608,8
2012-11,Java,39676,14976,2.649305555555556,2
2012-11,JavaScript,52577,18356,2.864295053388538,1
2012-11,PHP,23874,9743,2.450374627938007,4
2012-11,Python,34143,13814,2.47162299116838,3
2012-11,Ruby,20544,7723,2.6601061763563383,5
2012-11,TypeScript,2233,909,2.4565456545654567,9
2012-12,C#,17575,7535,2.332448573324485,5
2012-12,C++,15499,6375,2.43121568627451,7
2012-12,Go,5616,2286,2.456692913385827,8
2012-12,Java,39679,16801,2.3617046604368785,2
2012-12,JavaScript,51996,18262,2.8472237432920817,1
2012-12,PHP,26011,9756,2.6661541615416158,4
2012-12,Python,37676,15863,2.3750866796948875,3
2012-12,Ruby,20234,7250,2.790896551724138,6
2012-12,TypeScript,3172,1518,2.089591567852437,9
2013-01,C#,17793,7190,2.4746870653685678,6
2013-01,C++,15970,6701,2.3832263841217727,7
2013-01,Go,6324,2465,2.56551724137931,8
2013-01,Java,42733,15902,2.6872720412526725,3
2013-01,JavaScript,51681,17141,3.015051630593314,1
2013-01,PHP,25780,9916,2.599838644614764,4
2013-01,Python,41003,16311,2.513825026056036,2
2013-01,Ruby,22687,9563,2.3723726863954826,5
2013-01,TypeScript,4108,1717,2.392545136866628,9
2013-02,C#,18072,6312,2.8631178707224336,7
2013-02,C++,16823,6558,2.565263799939006,6
2013-02,Go,6442,2666,2.41635408852213,8
2013-02,Java,44525,20658,2.155339335850518,2
2013-02,JavaScript,57882,21500,2.692186046511628,1
2013-02,PHP,25641,11316,2.2659066808059385,4
2013-02,Python,42401,18640,2.2747317596566523,3
2013-02,Ruby,22075,8590,2.569848661233993,5
2013-02,TypeScript,5109,2203,2.3191103041307306,9
2013-03,C#,19127,7590,2.520026350461133,6
2013-03,C++,17192,6771,2.539063653817752,7
2013-03,Go,7205,2634,2.73538344722855,8
2013-03,Java,46218,18241,2.533742667616907,2
2013-03,JavaScript,56463,20374,2.7713262000588985,1
2013-03,PHP,30246,12822,2.358914365933552,4
2013-03,Python,42975,15854,2.7106723855178503,3
2013-03,Ruby,23697,9689,2.44576323666013,5
2013-03,TypeScript,6026,2301,2.6188613646240766,9
2013-04,C#,19776,7588,2.606220347917765,6
2013-04,C++,18763,7218,2.599473538376281,7
2013-04,Go,7436,2907,2.5579635362917097,9
2013-04,Java,46493,17674,2.630587303383501,3
2013-04,JavaScript,60390,21864,2.7620746432491767,1
2013-04,PHP,28026,11014,2.5445796259306337,4
2013-04,Python,46344,18716,2.476170121820902,2
2013-04,Ruby,23478,9087,2.5836909871244638,5
2013-04,TypeScript,7087,3151,2.2491272611869246,8
2013-05,C#,19224,7603,2.5284756017361567,6
2013-05,C++,16864,7387,2.282929470691756,7
2013-05,Go,8061,3237,2.4902687673772013,8
2013-05,Java,48209,19267,2.5021539419733223,2
2013-05,JavaScript,66705,22915,2.910975343661357,1
2013-05,PHP,29743,12576,2.3650604325699747,4
2013-05,Python,44738,18068,2.4760903254372373,3
2013-05,Ruby,23682,9326,2.539352348273644,5
2013-05,TypeScript,7243,2917,2.483030510798766,9
2013-06,C#,20439,8822,2.3168215824076173,6
2013-06,C++,18470,7279,2.5374364610523426,7
2013-06,Go,8046,2901,2.773526370217166,9
2013-06,Java,52710,20001,2.6353682315884206,2
2013-06,JavaScript,64567,24610,2.6236082893132875,1
2013-06,PHP,29553,12805,2.307926591175322,4
2013-06,Python,43637,18378,2.37441506148656,3
2013-06,Ruby,23111,10261,2.2523145892213234,5
2013-06,TypeScript,8745,3310,2.6419939577039275,8
2013-07,C#,19405,7653,2.5356069515222788,7
2013-07,C++,18688,8173,2.28655328520739,6
2013-07,Go,9003,3507,2.5671514114627887,9
2013-07,Java,51749,19304,2.680739743058433,3
2013-07,JavaScript,64295,22424,2.8672404566535854,1
2013-07,PHP,29175,12642,2.3077835785476983,4
2013-07,Python,45972,20457,2.247250329960405,2
2013-07,Ruby,25452,10698,2.3791362871564776,5
2013-07,TypeScript,9128,4066,2.2449581898671918,8
2013-08,C#,20422,8372,2.4393215480172,6
2013-08,C++,18250,8259,2.209710618718973,7
2013-08,Go,9588,3908,2.4534288638689867,8
2013-08,Java,48514,17072,2.8417291471415185,3
2013-08,JavaScript,67762,25629,2.643958016309649,1
2013-08,PHP,30266,12245,2.471702735810535,4
2013-08,Python,47833,22371,2.1381699521702204,2
2013-08,Ruby,23358,9506,2.457184935830002,5
2013-08,TypeScript,10266,3689,2.782867985904039,9
2013-09,C#,21657,9277,2.3344831303223024,6
2013-09,C++,20049,7746,2.588303640588691,7
2013-09,Go,9991,3921,2.548074470798266,8
2013-09,Java,51287,19925,2.5740025094102887,2
2013-09,JavaScript,64180,23411,2.7414463286489257,1
2013-09,PHP,29876,11824,2.526725304465494,4
2013-09,Python,49882,17961,2.777239574633929,3
2013-09,Ruby,23801,10044,2.369673436877738,5
2013-09,TypeScript,9901,3735,2.6508701472556893,9
2013-10,C#,21047,8016,2.62562375249501,6
2013-10,C++,18921,7413,2.5524079320113318,7
2013-10,Go,10568,3698,2.857760951865873,9
2013-10,Java,48597,19494,2.492920898738073,3
2013-10,JavaScript,73067,25042,2.917778132737002,1
2013-10,PHP,29201,11414,2.558349395479236,4
2013-10,Python,50659,19937,2.540954005116116,2
2013-10,Ruby,23253,9072,2.563161375661376,5
2013-10,TypeScript,11601,5267,2.202582115056009,8
2013-11,C#,21147,8875,2.3827605633802817,6
2013-11,C++,18736,8706,2.1520790259591087,7
2013-11,Go,10587,4494,2.355807743658211,9
2013-11,Java,52827,23351,2.2623014003682926,2
2013-11,JavaScript,68221,24689,2.763214386973956,1
2013-11,PHP,32760,13264,2.46984318455971,4
2013-11,Python,53198,20129,2.6428535943166573,3
2013-11,Ruby,25342,10725,2.3628904428904427,5
2013-11,TypeScript,12792,5620,2.276156583629893,8
2013-12,C#,23572,10404,2.265667051134179,6
2013-12,C++,19299,7414,2.603048287024548,7
2013-12,Go,11404,4659,2.447735565572011,9
2013-12,Java,51877,20198,2.568422616100604,3
2013-12,JavaScript,74744,28261,2.644775485651605,1
2013-12,PHP,31996,12872,2.485705407085146,4
2013-12,Python,53852,21556,2.4982371497494897,2
2013-12,Ruby,26183,11157,2.3467778076543877,5
2013-12,TypeScript,13648,6154,2.2177445563860902,8
2014-01,C#,25358,9674,2.621252842671077,6
2014-01,C++,21591,9566,2.257056240853021,7
2014-01,Go,13510,6246,2.162984309958373,8
2014-01,Java,53998,20580,2.623809523809524,3
2014-01,JavaScript,78663,28379,2.771873568483738,1
2014-01,PHP,32546,12152,2.678242264647795,4
2014-01,Python,52680,20726,2.541735018816945,2
2014-01,Ruby,25749,9715,2.6504374678332474,5
2014-01,TypeScript,14927,5931,2.516776260327095,9
2014-02,C#,26592,10243,2.596114419603632,6
2014-02,C++,22639,8821,2.5664890601972568,7
2014-02,Go,13908,5175,2.687536231884058,9
2014-02,Java,59602,24210,2.461875258157786,2
2014-02,JavaScript,74386,24247,3.0678434445498413,1
2014-02,PHP,34979,13396,2.6111525828605555,4
2014-02,Python,55276,20699,2.6704671723271654,3
2014-02,Ruby,26708,10290,2.5955296404276,5
2014-02,TypeScript,17646,6979,2.528442470267947,8
2014-03,C#,24480,10622,2.3046507249105628,6
2014-03,C++,21349,8565,2.4925861062463515,7
2014-03,Go,15839,6366,2.4880615771284957,9
2014-03,Java,55837,20994,2.659664666095075,3
2014-03,JavaScript,80380,28398,2.8304810197901262,1
2014-03,PHP,36944,14025,2.6341532976827096,4
2014-03,Python,60647,25962,2.3359910638625685,2
2014-03,Ruby,29713,10728,2.769668158090977,5
2014-03,TypeScript,18183,7547,2.4093017092884588,8
2014-04,C#,24878,10482,2.3734020225147874,6
2014-04,C++,23170,9912,2.3375706214689265,7
2014-04,Go,15438,6050,2.5517355371900825,9
2014-04,Java,62122,22558,2.7538788899725155,3
2014-04,JavaScript,81730,27711,2.949370286167948,1
2014-04,PHP,36594,13588,2.6931115690314984,4
2014-04,Python,62239,23407,2.6589909001580723,2
2014-04,Ruby,27066,10585,2.55701464336325,5
2014-04,TypeScript,19590,8142,2.406042741341194,8
2014-05,C#,26570,9783,2.715935807012164,7
2014-05,C++,23387,10055,2.325907508702138,6
2014-05,Go,16306,7471,2.182572614107884,9
2014-05,Java,59487,24489,2.42913144677202,2
2014-05,JavaScript,87299,30775,2.836685621445979,1
2014-05,PHP,35157,14038,2.5044165835589114,4
2014-05,Python,61817,24328,2.5409815850049324,3
2014-05,Ruby,28791,12964,2.220842332613391,5
2014-05,TypeScript,20745,8911,2.328021546403322,8
2014-06,C#,26899,9735,2.7631227529532616,7
2014-06,C++,25139,10112,2.486056170886076,6
2014-06,Go,16618,6595,2.519787717968158,9
2014-06,Java,65539,22711,2.88578222006957,3
2014-06,JavaScript,85012,27640,3.075687409551375,1
2014-06,PHP,34578,11615,2.9770124838570813,4
2014-06,Python,62141,25367,2.449678716442622,2
2014-06,Ruby,27887,10915,2.554924415941365,5
2014-06,TypeScript,19951,8294,2.4054738365083197,8
2014-07,C#,25738,10243,2.512740408083569,6
2014-07,C++,24198,10099,2.3960788196851173,7
2014-07,Go,17927,6830,2.624743777452416,9
2014-07,Java,63920,26815,2.3837404437814658,2
2014-07,JavaScript,88072,30369,2.9000625637986106,1
2014-07,PHP,35031,14363,2.438975144468426,4
2014-07,Python,60503,25716,2.3527375952714262,3
2014-07,Ruby,28088,12219,2.2987151158032573,5
2014-07,TypeScript,22877,9567,2.391240723319745,8
2014-08,C#,27664,11842,2.3360918763722345,5
2014-08,C++,23903,9398,2.5434134922323897,8
2014-08,Go,17701,6588,2.68685488767456,9
2014-08,Java,63335,26028,2.4333410173659136,2
2014-08,JavaScript,85935,30324,2.8338939453897902,1
2014-08,PHP,35640,16773,2.1248434984797,4
2014-08,Python,64332,24348,2.642188270083785,3
2014-08,Ruby,26076,10707,2.435416082936397,7
2014-08,TypeScript,24144,10855,2.2242284661446337,6
2014-09,C#,27338,9732,2.809083436087135,7
2014-09,C++,23917,9697,2.466432917397133,8
2014-09,Go,21089,9135,2.3085933223864257,9
2014-09,Java,62016,21850,2.838260869565217,3
2014-09,JavaScript,83926,29809,2.8154584185984097,1
2014-09,PHP,34917,14930,2.338713998660415,4
2014-09,Python,64278,25940,2.477949113338473,2
2014-09,Ruby,27701,11034,2.5105129599419973,6
2014-09,Swift,642,268,2.3955223880597014,10
2014-09,TypeScript,26607,11534,2.306831975030345,5
2014-10,C#,27600,10772,2.562198291867805,7
2014-10,C++,24822,10069,2.4651901877048368,8
2014-10,Go,20787,8277,2.511417180137731,9
2014-10,Java,59670,20702,2.8823302096415806,3
2014-10,JavaScript,88221,32502,2.714325272290936,1
2014-10,PHP,32367,12607,2.5673831998096297,4
2014-10,Python,66649,26928,2.475081699346405,2
2014-10,Ruby,28878,11547,2.5009093270979474,6
2014-10,Swift,958,358,2.6759776536312847,10
2014-10,TypeScript,28747,12106,2.3746076325788863,5
2014-11,C#,26303,13469,1.9528547033929764,5
2014-11,C++,24483,10922,2.241622413477385,7
2014-11,Go,21952,8549,2.5677857059305182,9
2014-11,Java,62816,29075,2.160481513327601,2
2014-11,JavaScript,92620,33721,2.7466563862281665,1
2014-11,PHP,36234,15580,2.325673940949936,4
2014-11,Python,67011,26274,2.550468143411738,3
2014-11,Ruby,27511,10697,2.5718425726839302,8
2014-11,Swift,1320,551,2.395644283121597,10
2014-11,TypeScript,27881,11345,2.457558395769061,6
2014-12,C#,27470,11058,2.4841743534092964,7
2014-12,C++,25895,10221,2.533509441346248,8
2014-12,Go,22615,8723,2.592571363063166,9
2014-12,Java,68866,26434,2.6052054172656427,2
2014-12,JavaScript,93249,34682,2.6886857736001386,1
2014-12,PHP,35611,15193,2.3439083788586847,4
2014-12,Python,67047,25409,2.6387106930615136,3
2014-12,Ruby,26709,11365,2.350109986801584,6
2014-12,Swift,1681,630,2.668253968253968,10
2014-12,TypeScript,31345,13295,2.3576532531026704,5
2015-01,C#,27091,10044,2.697232178414974,8
2015-01,C++,26246,10567,2.483770228068515,7
2015-01,Go,25471,9977,2.552971835221008,9
2015-01,Java,68443,24254,2.821926280201204,3
2015-01,JavaScript,91975,33720,2.727609727164887,1
2015-01,PHP,38938,15462,2.5183029362307594,4
2015-01,Python,69023,26238,2.630650201997104,2
2015-01,Ruby,29895,11432,2.615027991602519,6
2015-01,Swift,2171,861,2.521486643437863,10
2015-01,TypeScript,35459,13284,2.6693014152363745,5
2015-02,C#,30181,12860,2.3468895800933125,6
2015-02,C++,26678,10637,2.5080379806336373,8
2015-02,Go,25737,10466,2.4591056755207337,9
2015-02,Java,66770,28391,2.3518016272762496,3
2015-02,JavaScript,98320,32595,3.0164135603620186,1
2015-02,PHP,37916,14622,2.5930789221720696,5
2015-02,Python,74227,30610,2.4249264946096045,2
2015-02,Ruby,30652,12513,2.449612403100775,7
2015-02,Swift,2512,984,2.5528455284552845,10
2015-02,TypeScript,36214,16143,2.243325280307254,4
2015-03,C#,29985,12409,2.4163913288742043,7
2015-03,C++,25324,9662,2.620989443179466,9
2015-03,Go,26206,10072,2.60186656076251,8
2015-03,Java,72757,27985,2.59985706628551,3
2015-03,JavaScript,99593,34667,2.872847376467534,1
2015-03,PHP,41038,15508,2.64624709827186,4
2015-03,Python,77668,32083,2.420845930866814,2
2015-03,Ruby,30530,12954,2.35680098811178,6
2015-03,Swift,3069,1178,2.6052631578947367,10
2015-03,TypeScript,36068,14155,2.548074885199576,5
2015-04,C#,32314,12589,2.566844070220033,6
2015-04,C++,27625,11152,2.477134146341464,8
2015-04,Go,27570,10143,2.718130730553091,9
2015-04,Java,71017,26681,2.6617068325774897,3
2015-04,JavaScript,103073,34121,3.020808299873978,1
2015-04,PHP,40033,14994,2.669934640522876,5
2015-04,Python,76423,30296,2.5225442302614205,2
2015-04,Ruby,29832,12268,2.4316922073687643,7
2015-04,Swift,3469,1443,2.404019404019404,10
2015-04,TypeScript,41062,16983,2.417829594300182,4
2015-05,C#,31639,12771,2.477409756479524,6
2015-05,C++,28512,11116,2.564951421374595,8
2015-05,Go,25939,10337,2.509335397117152,9
2015-05,Java,74705,26535,2.8153382325230827,3
2015-05,JavaScript,103663,32179,3.221448770937568,1
2015-05,PHP,37492,15373,2.4388213100891174,5
2015-05,Python,75342,31236,2.4120245870149826,2
2015-05,Ruby,30780,12230,2.51676206050695,7
2015-05,Rust,770,407,1.891891891891892,11
2015-05,Swift,4309,1899,2.2690889942074777,10
2015-05,TypeScript,45941,18854,2.4366712633923835,4
2015-06,C#,32257,13812,2.335432956849117,6
2015-06,C++,28400,10901,2.605265571965875,9
2015-06,Go,26018,11328,2.2967867231638417,8
2015-06,Java,70053,26044,2.689794194440178,3
2015-06,JavaScript,106174,35754,2.9695698383397664,1
2015-06,PHP,41392,15355,2.695669163139043,5
2015-06,Python,76520,29520,2.592140921409214,2
2015-06,Ruby,31718,13322,2.380873742681279,7
2015-06,Rust,1254,563,2.2273534635879217,11
2015-06,Swift,4650,1707,2.724077328646749,10
2015-06,TypeScript,44115,17803,2.4779531539628152,4
2015-07,C#,31955,12857,2.485416504627829,7
2015-07,C++,29976,12168,2.4635108481262327,9
2015-07,Go,26944,12329,2.185416497688377,8
2015-07,Java,71963,28116,2.559503485559824,3
2015-07,JavaScript,105476,38152,2.764625707695534,1
2015-07,PHP,37718,15329,2.4605649422662927,5
2015-07,Python,75728,30629,2.4724280910248457,2
2015-07,Ruby,30872,13048,2.366033108522379,6
2015-07,Rust,1745,873,1.9988545246277205,11
2015-07,Swift,4777,1764,2.7080498866213154,10
2015-07,TypeScript,46834,17569,2.665718026068644,4
2015-08,C#,31191,12340,2.5276337115072933,6
2015-08,C++,28097,10625,2.644423529411765,9
2015-08,Go,28989,11408,2.541111500701262,7
2015-08,Java,71198,25863,2.752890229285079,3
2015-08,JavaScript,105050,36590,2.8710030062858705,1
2015-08,PHP,35383,13584,2.604755594817432,5
2015-08,Python,82962,33967,2.442429416786881,2
2015-08,Ruby,27008,11179,2.415958493604079,8
2015-08,Rust,2100,992,2.1169354838709675,11
2015-08,Swift,5399,2159,2.5006947660954144,10
2015-08,TypeScript,47823,18720,2.554647435897436,4
2015-09,C#,31615,13451,2.350382871161995,6
2015-09,C++,28498,11457,2.487387623287073,9
2015-09,Go,26369,11667,2.2601354247021512,8
2015-09,Java,68551,29627,2.3138015998919905,3
2015-09,JavaScript,115574,42096,2.745486507031547,1
2015-09,PHP,37856,15008,2.5223880597014925,5
2015-09,Python,74304,31922,2.327673704655097,2
2015-09,Ruby,28983,12148,2.3858248271320384,7
2015-09,Rust,2959,1373,2.1551347414420974,11
2015-09,Swift,5727,2234,2.563563115487914,10
2015-09,TypeScript,47680,20012,2.382570457725365,4
2015-10,C#,31713,13694,2.3158317511318827,6
2015-10,C++,27013,11441,2.361069836552749,8
2015-10,Go,27641,10151,2.722982957344104,9
2015-10,Java,69438,24026,2.890119037709149,3
2015-10,JavaScript,102326,37054,2.7615372159550926,1
2015-10,PHP,39698,17247,2.301733634835044,5
2015-10,Python,85207,32614,2.612589685411173,2
2015-10,Ruby,30085,12849,2.3414273484317847,7
2015-10,Rust,3119,1538,2.027958387516255,11
2015-10,Swift,6463,2521,2.563665212217374,10
2015-10,TypeScript,51572,19142,2.6941803364329746,4
2015-11,C#,31128,11534,2.698803537367782,8
2015-11,C++,31918,12801,2.4933989532067806,6
2015-11,Go,29054,10786,2.6936769886890413,9
2015-11,Java,71005,31382,2.262602765916768,3
2015-11,JavaScript,108840,41969,2.593342705330125,1
2015-11,PHP,38600,14747,2.6174815216654235,5
2015-11,Python,82629,37079,2.228458156908223,2
2015-11,Ruby,31062,12125,2.561814432989691,7
2015-11,Rust,3656,1860,1.9655913978494624,11
2015-11,Swift,6094,2363,2.578925095217943,10
2015-11,TypeScript,50398,22694,2.2207631973208777,4
2015-12,C#,31924,11598,2.7525435419899984,8
2015-12,C++,28347,11711,2.420544786952438,7
2015-12,Go,27891,10498,2.656791769860926,9
2015-12,Java,75672,27107,2.7916036448149923,3
2015-12,JavaScript,113230,39142,2.892800572275305,1
2015-12,PHP,40301,16529,2.438199528102124,5
2015-12,Python,84601,30957,2.732855250831799,2
2015-12,Ruby,30282,12063,2.510320815717483,6
2015-12,Rust,4097,2240,1.8290178571428573,11
2015-12,Swift,7506,3033,2.4747774480712166,10
2015-12,TypeScript,54252,24114,2.249813386414531,4
2016-01,C#,34129,13746,2.482831369125564,6
2016-01,C++,29917,12598,2.374742022543261,7
2016-01,Go,29544,11366,2.599331339081471,9
2016-01,Java,81408,32139,2.5329972930084943,3
2016-01,JavaScript,106103,37697,2.81462715865984,1
2016-01,PHP,40848,15777,2.589085377448184,5
2016-01,Python,93216,35587,2.6193834827324585,2
2016-01,Ruby,31937,12295,2.597559983733225,8
2016-01,Rust,5236,2246,2.3312555654496885,11
2016-01,Swift,8399,3090,2.7181229773462783,10
2016-01,TypeScript,53357,22301,2.392583292229048,4
2016-02,C#,33863,12091,2.800678190389546,9
2016-02,C++,33934,12933,2.6238305110956466,6
2016-02,Go,31592,12509,2.525541610040771,8
2016-02,Java,76923,32037,2.401067515684989,3
2016-02,JavaScript,113956,40567,2.8090812729558507,1
2016-02,Kotlin,812,319,2.5454545454545454,12
2016-02,PHP,43776,17934,2.440950150552024,5
2016-02,Python,93333,36780,2.537601957585645,2
2016-02,Ruby,31284,12852,2.434173669467787,7
2016-02,Rust,5088,2857,1.7808890444522223,11
2016-02,Swift,9074,3454,2.627099015634048,10
2016-02,TypeScript,56725,23669,2.396594701930796,4
2016-03,C#,36952,15404,2.398857439626071,6
2016-03,C++,31162,12169,2.560769167556907,9
2016-03,Go,33809,13079,2.5849835614343606,7
2016-03,Java,79931,32988,2.423032617921669,3
2016-03,JavaScript,115423,48429,2.383344690164984,1
2016-03,Kotlin,1398,613,2.2805872756933114,12
2016-03,PHP,43412,17578,2.469678006599158,5
2016-03,Python,94528,38616,2.447897244665424,2
2016-03,Ruby,34183,12316,2.775495290678792,8
2016-03,Rust,5847,2711,2.1567687200295094,11
2016-03,Swift,10342,3861,2.6785806785806785,10
2016-03,TypeScript,57776,22920,2.520767888307155,4
2016-04,C#,37471,14578,2.570380024694745,6
2016-04,C++,35435,13635,2.5988265493215987,7
2016-04,Go,33476,11517,2.9066597204133022,9
2016-04,Java,83909,31523,2.661834216286521,3
2016-04,JavaScript,120597,41138,2.931523165929311,1
2016-04,Kotlin,1844,718,2.5682451253481893,12
2016-04,PHP,43331,18203,2.380431796956546,5
2016-04,Python,94810,37319,2.5405289530802,2
2016-04,Ruby,30932,12533,2.4680443628819915,8
2016-04,Rust,7283,3365,2.164338781575037,11
2016-04,Swift,9960,4114,2.4210014584346133,10
2016-04,TypeScript,56572,21117,2.678979021641332,4
2016-05,C#,38013,15557,2.443465963874783,6
2016-05,C++,33416,12669,2.637619385902597,8
2016-05,Go,32238,14391,2.2401500938086305,7
2016-05,Java,83501,32894,2.5384872621146712,3
2016-05,JavaScript,118732,43276,2.743599223588132,1
2016-05,Kotlin,2679,1149,2.33159268929504,12
2016-05,PHP,40232,16467,2.4431894091212727,5
2016-05,Python,104358,43053,2.423942582398439,2
2016-05,Ruby,32810,12478,2.629427792915531,9
2016-05,Rust,7658,3551,2.15657561250352,11
2016-05,Swift,10930,4049,2.6994319585082738,10
2016-05,TypeScript,57594,24384,2.3619586614173227,4
2016-06,C#,37041,16556,2.237315776757671,6
2016-06,C++,31195,12407,2.514306439912952,8
2016-06,Go,32362,12042,2.687427337651553,9
2016-06,Java,76630,30022,2.552461528212644,3
2016-06,JavaScript,130765,43823,2.9839353764005203,2
2016-06,Kotlin,3026,1261,2.3996827914353687,12
2016-06,PHP,42528,16674,2.5505577545879814,5
2016-06,Python,98243,47461,2.069973241187501,1
2016-06,Ruby,31935,13664,2.337163348946136,7
2016-06,Rust,8155,4155,1.9626955475330927,11
2016-06,Swift,11809,4338,2.7222222222222223,10
2016-06,TypeScript,61090,25718,2.375379111906058,4
2016-07,C#,37758,15111,2.4987095493349214,6
2016-07,C++,33284,12915,2.5771583430120018,8
2016-07,Go,33652,13807,2.437314405736221,7
2016-07,Java,75898,28766,2.6384620732809565,3
2016-07,JavaScript,124493,45889,2.712915949356055,1
2016-07,Kotlin,3535,1306,2.7067381316998467,12
2016-07,PHP,43659,19277,2.264823364631426,5
2016-07,Python,97908,37596,2.6042132141717205,2
2016-07,Ruby,29714,10483,2.834493942573691,9
2016-07,Rust,8692,3797,2.289175664998683,11
2016-07,Swift,11511,4852,2.37242374278648,10
2016-07,TypeScript,64856,25965,2.4978239938378586,4
2016-08,C#,34922,14736,2.369842562432139,6
2016-08,C++,31710,14064,2.2546928327645053,7
2016-08,Go,32159,12683,2.535598833083655,8
2016-08,Java,80839,31585,2.559411112870033,3
2016-08,JavaScript,134147,46286,2.8982197640755305,1
2016-08,Kotlin,4062,1756,2.3132118451025057,12
2016-08,PHP,39828,16363,2.434027989977388,5
2016-08,Python,96641,37001,2.611848328423556,2
2016-08,Ruby,31448,12642,2.4875810789432053,9
2016-08,Rust,8699,5250,1.656952380952381,10
2016-08,Swift,12141,4550,2.6683516483516483,11
2016-08,TypeScript,58306,25791,2.2607111007715868,4
2016-09,C#,36057,12674,2.844958182105097,8
2016-09,C++,33304,13249,2.513699147105442,6
2016-09,Go,36121,13050,2.7678927203065133,7
2016-09,Java,75473,26762,2.820155444286675,4
2016-09,JavaScript,123672,44418,2.784276644603539,1
2016-09,Kotlin,4532,1910,2.372774869109948,12
2016-09,PHP,40081,15156,2.64456320929005,5
2016-09,Python,98431,40328,2.44076076175362,2
2016-09,Ruby,32253,12630,2.5536817102137768,9
2016-09,Rust,9694,4868,1.9913722267871816,11
2016-09,Swift,12832,4995,2.568968968968969,10
2016-09,TypeScript,64499,27067,2.382938633760668,3
2016-10,C#,34826,13564,2.567531701562961,6
2016-10,C++,31260,12095,2.5845390657296403,9
2016-10,Go,33959,13490,2.5173461823573016,7
2016-10,Java,76986,30292,2.541463092565694,3
2016-10,JavaScript,134457,43172,3.11444918002409,2
2016-10,Kotlin,5186,1970,2.63248730964467,12
2016-10,PHP,41187,15740,2.6167090216010167,5
2016-10,Python,100347,43984,2.2814432520916696,1
2016-10,Ruby,32063,12576,2.549538804071247,8
2016-10,Rust,9818,4962,1.9786376461104396,11
2016-10,Swift,13260,5780,2.294117647058824,10
2016-10,TypeScript,59589,22436,2.655954715635586,4
2016-11,C#,36283,14699,2.4683992108306687,7
2016-11,C++,32568,12648,2.574952561669829,8
2016-11,Go,33937,15539,2.183988673659824,5
2016-11,Java,79864,28535,2.7988084808130367,3
2016-11,JavaScript,131689,48503,2.7150691709791146,1
2016-11,Kotlin,6000,2390,2.510460251046025,12
2016-11,PHP,42083,15031,2.799747189142439,6
2016-11,Python,103150,42866,2.406336023888396,2
2016-11,Ruby,29405,11792,2.493639755766621,9
2016-11,Rust,10981,5180,2.1198841698841697,11
2016-11,Swift,13404,5190,2.5826589595375724,10
2016-11,TypeScript,64328,26261,2.449563992231827,4
2016-12,C#,37493,17200,2.179825581395349,5
2016-12,C++,37361,14410,2.5927133934767523,7
2016-12,Go,35472,13731,2.5833515403102467,8
2016-12,Java,79546,28615,2.7798706971867904,4
2016-12,JavaScript,138901,50761,2.736372411891019,1
2016-12,Kotlin,6559,2341,2.8017941050832977,12
2016-12,PHP,40863,15436,2.6472531743975125,6
2016-12,Python,98889,37150,2.661884253028264,2
2016-12,Ruby,29305,11508,2.54648939867918,9
2016-12,Rust,11280,5858,1.9255718675315807,11
2016-12,Swift,15076,6398,2.3563613629259144,10
2016-12,TypeScript,68021,28647,2.3744545676685167,3
2017-01,C#,38296,15872,2.4128024193548385,7
2017-01,C++,36969,15119,2.4452014022091406,8
2017-01,Go,36466,15898,2.293747641212731,6
2017-01,Java,82390,34838,2.364946322980653,3
2017-01,JavaScript,137644,47748,2.8827176007372035,1
2017-01,Kotlin,6710,2559,2.6221180148495504,12
2017-01,PHP,45298,18947,2.390774265055154,5
2017-01,Python,100662,39331,2.559355215987389,2
2017-01,Ruby,31367,13038,2.405813775118883,9
2017-01,Rust,13155,5937,2.215765538150581,11
2017-01,Swift,15338,6189,2.4782678946518018,10
2017-01,TypeScript,72229,31522,2.291383795444452,4
2017-02,C#,39056,15594,2.5045530332179045,7
2017-02,C++,36665,13813,2.6543835517266343,8
2017-02,Go,36094,16649,2.167938014295153,6
2017-02,Java,86787,36435,2.381967888019761,3
2017-02,JavaScript,137213,48124,2.851238467292827,1
2017-02,Kotlin,8143,3153,2.5826197272438947,12
2017-02,PHP,45865,17123,2.678560999824797,5
2017-02,Python,113101,45275,2.498089453340696,2
2017-02,Ruby,32879,12884,2.5519248680533995,9
2017-02,Rust,13687,6589,2.077249962057976,11
2017-02,Swift,17048,7119,2.3947183593201293,10
2017-02,TypeScript,68022,30770,2.2106597335066622,4
2017-03,C#,40497,16252,2.491816391828698,6
2017-03,C++,38429,14393,2.669978461752241,7
2017-03,Go,37032,13768,2.6897152818128998,9
2017-03,Java,84679,29851,2.836722387859703,4
2017-03,JavaScript,144034,50571,2.8481540804018115,1
2017-03,Kotlin,9191,3567,2.5766750770955986,12
2017-03,PHP,45385,18500,2.4532432432432434,5
2017-03,Python,108706,42868,2.5358309228328824,2
2017-03,Ruby,31668,13848,2.2868284228769498,8
2017-03,Rust,15383,6677,2.303878987569268,11
2017-03,Swift,18788,7428,2.529348411416263,10
2017-03,TypeScript,76536,34169,2.239925078287337,3
2017-04,C#,41482,16403,2.528927635188685,7
2017-04,C++,38706,14497,2.6699317100089672,8
2017-04,Go,37426,17420,2.1484500574052814,6
2017-04,Java,92451,34060,2.7143570170287727,3
2017-04,JavaScript,142125,49235,2.886665989641515,1
2017-04,Kotlin,9656,4167,2.31725461963043,12
2017-04,PHP,49921,19528,2.5563805817288,5
2017-04,Python,111757,44578,2.506998968100857,2
2017-04,Ruby,33278,12151,2.738704633363509,9
2017-04,Rust,15195,6718,2.261833879130694,11
2017-04,Swift,18182,7654,2.3754899399007057,10
2017-04,TypeScript,71650,27810,2.5764113628191296,4
2017-05,C#,39083,15802,2.473294519681053,8
2017-05,C++,40393,16859,2.3959309567590013,5
2017-05,Go,38718,15972,2.424117205108941,7
2017-05,Java,92760,35923,2.5821896834896862,3
2017-05,JavaScript,146777,56974,2.5762102011443817,1
2017-05,Kotlin,9300,3773,2.4648820567187912,12
2017-05,PHP,41649,16140,2.580483271375465,6
2017-05,Python,113796,45372,2.508066649034647,2
2017-05,Ruby,32121,11936,2.69110254691689,9
2017-05,Rust,17538,8587,2.0423896587865378,11
2017-05,Swift,19956,8810,2.2651532349602723,10
2017-05,TypeScript,76093,29545,2.5754950076155017,4
2017-06,C#,45918,18219,2.5203359130577967,5
2017-06,C++,36865,14358,2.567558155731996,9
2017-06,Go,38358,15555,2.46595949855352,7
2017-06,Java,93414,36114,2.58664229938528,3
2017-06,JavaScript,149083,52451,2.8423290309050357,1
2017-06,Kotlin,10930,4571,2.3911616714066946,12
2017-06,PHP,45476,17171,2.648418845728263,6
2017-06,Python,105500,44046,2.395223175770785,2
2017-06,Ruby,34113,15109,2.257793368191144,8
2017-06,Rust,17367,8060,2.1547146401985118,11
2017-06,Swift,19876,8086,2.4580756863715063,10
2017-06,TypeScript,72992,33788,2.160293595359299,4
2017-07,C#,41485,17071,2.430144689824849,7
2017-07,C++,40167,14063,2.85621844556638,8
2017-07,Go,38581,17228,2.2394358021824936,6
2017-07,Java,89864,37247,2.4126506832765053,3
2017-07,JavaScript,142521,54969,2.592752278557005,1
2017-07,Kotlin,11474,4550,2.5217582417582416,12
2017-07,PHP,43492,18659,2.330885899565893,5
2017-07,Python,111347,46007,2.420218662377464,2
2017-07,Ruby,32248,12743,2.530644275288393,9
2017-07,Rust,19693,9720,2.026028806584362,10
2017-07,Swift,19555,9090,2.1512651265126514,11
2017-07,TypeScript,78310,31813,2.4615723132052936,4
2017-08,C#,42596,16031,2.6571018651362985,7
2017-08,C++,37287,16280,2.290356265356265,5
2017-08,Go,37267,15524,2.4006055140427724,8
2017-08,Java,86152,32015,2.690988599094174,4
2017-08,JavaScript,148096,54598,2.7124803106340893,1
2017-08,Kotlin,11454,4855,2.3592173017507725,12
2017-08,PHP,42796,16033,2.669244682841639,6
2017-08,Python,121559,50215,2.420770686049985,2
2017-08,Ruby,27675,9924,2.7886940749697704,9
2017-08,Rust,18992,8981,2.1146865605166463,10
2017-08,Swift,20237,8360,2.420693779904306,11
2017-08,TypeScript,73225,33295,2.199279171046704,3
2017-09,C#,41093,15800,2.600822784810126,7
2017-09,C++,35916,15066,2.383910792512943,8
2017-09,Go,38242,15845,2.4135058378037235,6
2017-09,Java,88318,33003,2.6760597521437446,4
2017-09,JavaScript,149949,54691,2.741749099486204,1
2017-09,Kotlin,12365,5187,2.383844225949489,12
2017-09,PHP,39875,16434,2.426372155287818,5
2017-09,Python,116044,42638,2.72160983160561,2
2017-09,Ruby,31563,12391,2.547252037769349,9
2017-09,Rust,20028,8965,2.234021193530396,10
2017-09,Swift,20568,8544,2.407303370786517,11
2017-09,TypeScript,74488,33808,2.203265499290109,3
2017-10,C#,44094,18665,2.362389499062416,5
2017-10,C++,41489,14201,2.9215548200830925,8
2017-10,Go,37604,15460,2.432341526520052,7
2017-10,Java,91935,38029,2.417497173209919,3
2017-10,JavaScript,144815,54808,2.642223762954313,1
2017-10,Kotlin,13040,4887,2.668303662778801,12
2017-10,PHP,39848,17282,2.305751649114686,6
2017-10,Python,114286,46113,2.4783900418537077,2
2017-10,Ruby,30068,11975,2.5108977035490607,9
2017-10,Rust,20246,8593,2.3561038054230186,10
2017-10,Swift,19601,7703,2.5445930157081658,11
2017-10,TypeScript,77195,30556,2.5263450713444167,4
2017-11,C#,43535,17132,2.5411510623394817,6
2017-11,C++,39103,15928,2.454984932194877,8
2017-11,Go,36713,16521,2.222202045881,7
2017-11,Java,86192,36657,2.351310800120032,3
2017-11,JavaScript,143717,50511,2.8452614282037576,1
2017-11,Kotlin,15020,6218,2.4155677066580896,12
2017-11,PHP,43877,17902,2.450955200536253,5
2017-11,Python,122252,46092,2.652347478955133,2
2017-11,Ruby,29281,11945,2.4513185433235662,9
2017-11,Rust,23322,11224,2.0778688524590163,10
2017-11,Swift,19757,8118,2.433727519093373,11
2017-11,TypeScript,82830,34529,2.39885313794202,4
2017-12,C#,42912,16506,2.599781897491821,6
2017-12,C++,36790,13936,2.639925373134328,8
2017-12,Go,42098,16364,2.5725983867025177,7
2017-12,Java,90523,34478,2.6255293230465804,3
2017-12,JavaScript,152697,53746,2.841085848249172,1
2017-12,Kotlin,14096,5253,2.683418998667428,12
2017-12,PHP,43235,19797,2.1839167550638985,5
2017-12,Python,126195,50499,2.498960375452979,2
2017-12,Ruby,30640,12450,2.461044176706827,9
2017-12,Rust,24271,10955,2.215518028297581,10
2017-12,Swift,19855,7646,2.5967826314412763,11
2017-12,TypeScript,78712,33772,2.330688144024636,4
2018-01,C#,41816,17337,2.4119513179904253,6
2018-01,C++,40091,16025,2.501778471138845,8
2018-01,Go,43210,16418,2.6318674625411136,7
2018-01,Java,96254,34111,2.8217876931195214,4
2018-01,JavaScript,148617,52460,2.832958444529165,2
2018-01,Kotlin,16467,6573,2.505248744865358,12
2018-01,PHP,41560,18042,2.3035140228356057,5
2018-01,Python,129297,52534,2.4612060760650247,1
2018-01,Ruby,30806,13538,2.2755207563894224,10
2018-01,Rust,24862,13855,1.794442439552508,9
2018-01,Swift,21942,9408,2.3322704081632653,11
2018-01,TypeScript,86638,38252,2.264927324061487,3
2018-02,C#,44308,17420,2.543513203214696,7
2018-02,C++,43200,17118,2.5236593059936907,8
2018-02,Go,44206,17906,2.468781414051156,6
2018-02,Java,93906,33396,2.811893639956881,3
2018-02,JavaScript,156277,53919,2.8983660676199485,2
2018-02,Kotlin,17591,6686,2.631020041878552,12
2018-02,PHP,44259,18106,2.4444383077432894,5
2018-02,Python,133338,57047,2.337335880940277,1
2018-02,Ruby,30587,11756,2.601820347056822,10
2018-02,Rust,27226,12750,2.135372549019608,9
2018-02,Swift,21463,8884,2.415916253939667,11
2018-02,TypeScript,85012,33290,2.5536797837188345,4
2018-03,C#,48088,21223,2.2658436601799936,5
2018-03,C++,47172,18273,2.581513708750616,7
2018-03,Go,47656,17958,2.6537476333667445,8
2018-03,Java,96016,39343,2.440484965559312,3
2018-03,JavaScript,161190,64506,2.498837317458841,1
2018-03,Kotlin,18376,7469,2.4603025840139243,12
2018-03,PHP,47147,20239,2.3295123276841743,6
2018-03,Python,127994,50391,2.54001706653966,2
2018-03,Ruby,30253,12697,2.3826888241316846,10
2018-03,Rust,29654,16691,1.7766460966988198,9
2018-03,Swift,23742,9840,2.4128048780487803,11
2018-03,TypeScript,81212,33421,2.4299691810538286,4
2018-04,C#,46433,17977,2.5829114980252545,7
2018-04,C++,46529,22560,2.062455673758865,5
2018-04,Go,46676,17425,2.678680057388809,8
2018-04,Java,99636,40128,2.4829545454545454,3
2018-04,JavaScript,158491,58065,2.7295444760182552,1
2018-04,Kotlin,19753,8054,2.4525701514775267,12
2018-04,PHP,46989,19517,2.407593380130143,6
2018-04,Python,137815,53722,2.565336361267265,2
2018-04,Ruby,32126,15726,2.0428589596845987,9
2018-04,Rust,27384,12150,2.253827160493828,10
2018-04,Swift,24138,10586,2.280181371622898,11
2018-04,TypeScript,84657,34184,2.476509478118418,4
2018-05,C#,47655,19100,2.495026178010471,6
2018-05,C++,42651,18338,2.3258261533427853,8
2018-05,Go,44649,18616,2.3984207133648474,7
2018-05,Java,93954,39188,2.397519648872104,3
2018-05,JavaScript,163735,61311,2.670564825235276,1
2018-05,Kotlin,19216,8297,2.316017837772689,12
2018-05,PHP,46986,20350,2.308894348894349,5
2018-05,Python,141006,52340,2.6940389759266337,2
2018-05,Ruby,30667,12886,2.379869625950644,10
2018-05,Rust,29808,14098,2.1143424599233933,9
2018-05,Swift,23692,10903,2.1729799137851966,11
2018-05,TypeScript,92741,35120,2.6406890660592257,4
2018-06,C#,46820,18545,2.5246697222971157,7
2018-06,C++,49020,20391,2.4040017654847725,5
2018-06,Go,46493,18904,2.45942657638595,6
2018-06,Java,99252,38815,2.5570526858173386,3
2018-06,JavaScript,172864,58873,2.936218640123656,1
2018-06,Kotlin,21873,8625,2.536,12
2018-06,PHP,42289,17695,2.389884148064425,8
2018-06,Python,127657,55034,2.319602427590217,2
2018-06,Ruby,32199,13064,2.464712186160441,10
2018-06,Rust,28763,13237,2.1729243786356425,9
2018-06,Swift,23402,9410,2.4869287991498408,11
2018-06,TypeScript,86870,37572,2.31209411263707,4
2018-07,C#,47112,19777,2.382161096222885,5
2018-07,C++,46706,19013,2.4565297428075525,6
2018-07,Go,42700,16879,2.529770721014278,8
2018-07,Java,97393,37391,2.6047177128185925,3
2018-07,JavaScript,168784,59733,2.825640768084644,1
2018-07,Kotlin,23207,9070,2.5586549062844544,12
2018-07,PHP,40258,16921,2.3791738076945808,7
2018-07,Python,137744,57014,2.4159680078577197,2
2018-07,Ruby,31330,13136,2.3850487210718634,10
2018-07,Rust,29009,15300,1.896013071895425,9
2018-07,Swift,24031,9307,2.582035027398732,11
2018-07,TypeScript,86673,36691,2.3622414216020275,4
2018-08,C#,46491,17358,2.6783615623919808,6
2018-08,C++,42479,16376,2.593978993649243,7
2018-08,Go,43486,18822,2.310381468494316,5
2018-08,Java,96061,37148,2.5858996446645848,4
2018-08,JavaScript,171199,66118,2.589294897002329,1
2018-08,Kotlin,22537,8229,2.738728885648317,12
2018-08,PHP,41410,15934,2.598845236600979,8
2018-08,Python,137211,51420,2.668436406067678,2
2018-08,Ruby,32055,11586,2.766701191092698,10
2018-08,Rust,27626,13164,2.098602248556669,9
2018-08,Swift,23325,9241,2.5240774807921222,11
2018-08,TypeScript,88259,39518,2.2333873171719216,3
2018-09,C#,46658,17952,2.599041889483066,6
2018-09,C++,41939,17184,2.44058426443203,7
2018-09,Go,45764,18181,2.5171332709971947,5
2018-09,Java,99136,35453,2.7962654782387952,4
2018-09,JavaScript,172920,61084,2.8308558706044136,1
2018-09,Kotlin,23863,10150,2.3510344827586205,11
2018-09,PHP,40387,16615,2.4307553415588323,8
2018-09,Python,132427,54535,2.428293756303292,2
2018-09,Ruby,29358,11246,2.6105281878001065,10
2018-09,Rust,27379,12171,2.249527565524608,9
2018-09,Swift,21192,8329,2.5443630687957737,12
2018-09,TypeScript,91242,39227,2.3259999490147094,3
2018-10,C#,43174,17795,2.426187131216634,8
2018-10,C++,40794,18305,2.2285714285714286,6
2018-10,Go,46201,19173,2.4096907108955303,5
2018-10,Java,102205,38495,2.6550201324847382,3
2018-10,JavaScript,175876,59140,2.973892458572878,1
2018-10,Kotlin,24377,9593,2.541123736057542,11
2018-10,PHP,41732,18279,2.283057060014224,7
2018-10,Python,138685,47355,2.9286242213071483,2
2018-10,Ruby,29085,12450,2.336144578313253,9
2018-10,Rust,27371,11605,2.358552348125808,10
2018-10,Swift,22018,8611,2.556962025316456,12
2018-10,TypeScript,86273,34683,2.487472248652077,4
2018-11,C#,48108,18784,2.5611158432708687,6
2018-11,C++,43669,17071,2.558080956007264,7
2018-11,Go,46228,19866,2.326990838618745,5
2018-11,Java,101666,44656,2.276648154783232,3
2018-11,JavaScript,172259,61634,2.794869714767823,1
2018-11,Kotlin,25274,10167,2.4858857086652897,11
2018-11,PHP,39543,14902,2.653536438062005,8
2018-11,Python,140276,55930,2.508063650992312,2
2018-11,Ruby,27556,10918,2.523905477193625,10
2018-11,Rust,29431,13277,2.216690517436168,9
2018-11,Swift,22812,9388,2.429910524073285,12
2018-11,TypeScript,92951,41079,2.2627376518415736,4
2018-12,C#,47653,19386,2.4581141029608995,5
2018-12,C++,46022,18992,2.423230834035383,6
2018-12,Go,47631,17575,2.7101564722617355,8
2018-12,Java,99423,39882,2.4929291409658494,3
2018-12,JavaScript,170143,59941,2.8385078660683005,2
2018-12,Kotlin,24330,9509,2.558628667578084,12
2018-12,PHP,44422,18662,2.380345086271568,7
2018-12,Python,146023,65106,2.242850121340583,1
2018-12,Ruby,29967,12790,2.3430023455824864,10
2018-12,Rust,29115,13658,2.131717674622932,9
2018-12,Swift,25863,10046,2.574457495520605,11
2018-12,TypeScript,96959,38540,2.5158017644006225,4
2019-01,C#,48446,18899,2.5634160537594584,6
2019-01,C++,45842,17232,2.6602831940575675,8
2019-01,Go,48904,19447,2.514732349462642,5
2019-01,Java,102747,35055,2.9310226786478397,4
2019-01,JavaScript,183296,65561,2.795808483702201,1
2019-01,Kotlin,25961,10907,2.380214541120381,10
2019-01,PHP,44401,18172,2.4433744221879814,7
2019-01,Python,147566,58350,2.52898029134533,2
2019-01,Ruby,30175,10585,2.850732168162494,11
2019-01,Rust,30790,14330,2.148639218422889,9
2019-01,Swift,24969,10202,2.447461282101549,12
2019-01,TypeScript,95776,41257,2.3214484814698118,3
2019-02,C#,49188,20728,2.373021999228097,6
2019-02,C++,46202,19755,2.338749683624399,7
2019-02,Go,55129,21758,2.5337347182645464,5
2019-02,Java,104321,40271,2.590474535025204,4
2019-02,JavaScript,181579,66140,2.7453734502570306,1
2019-02,Kotlin,26359,10131,2.6018162076794,12
2019-02,PHP,42645,16724,2.549928246830902,8
2019-02,Python,154163,61197,2.5191267545794727,2
2019-02,Ruby,29942,11559,2.5903624881045078,10
2019-02,Rust,30588,15459,1.9786532117213276,9
2019-02,Swift,26481,11087,2.388472986380445,11
2019-02,TypeScript,103882,41391,2.509772655891377,3
2019-03,C#,52749,20507,2.5722436241283466,6
2019-03,C++,51412,19956,2.576267789136099,7
2019-03,Go,57527,22207,2.5904894852974287,5
2019-03,Java,112957,42621,2.6502663006499145,4
2019-03,JavaScript,183500,66604,2.7550897843973337,1
2019-03,Kotlin,27557,12409,2.220726891772101,10
2019-03,PHP,43806,15544,2.818193515182707,8
2019-03,Python,148528,64089,2.3175271887531403,2
2019-03,Ruby,28234,11552,2.444078947368421,11
2019-03,Rust,32029,15000,2.135266666666667,9
2019-03,Swift,25482,10845,2.3496542185338867,12
2019-03,TypeScript,105188,43687,2.4077643234829584,3
2019-04,C#,57819,23901,2.4191038031881518,5
2019-04,C++,51776,20932,2.4735333460729985,7
2019-04,Go,54598,21720,2.513720073664825,6
2019-04,Java,110128,42889,2.567744643148593,4
2019-04,JavaScript,181833,65573,2.772985832583533,1
2019-04,Kotlin,29737,12229,2.431678796303868,10
2019-04,PHP,44183,16596,2.662268016389492,8
2019-04,Python,158588,63381,2.502137864659756,2
2019-04,Ruby,29631,11437,2.5908017836845327,11
2019-04,Rust,34118,16595,2.055920457969268,9
2019-04,Swift,25551,9958,2.565876682064672,12
2019-04,TypeScript,103750,45544,2.278016862813982,3
2019-05,C#,55103,23598,2.3350707687092127,5
2019-05,C++,53210,20988,2.5352582428054125,6
2019-05,Go,50094,19857,2.522737573651609,7
2019-05,Java,111369,42622,2.61294636572662,4
2019-05,JavaScript,197550,70205,2.813902143721957,1
2019-05,Kotlin,28255,10982,2.572846476051721,11
2019-05,PHP,44361,15687,2.827882960413081,8
2019-05,Python,151819,63662,2.3847664226697245,2
2019-05,Ruby,29606,11444,2.5870325061167425,10
2019-05,Rust,33378,15585,2.14167468719923,9
2019-05,Swift,25369,10849,2.338372200202784,12
2019-05,TypeScript,107473,47118,2.280932976781697,3
2019-06,C#,53540,21486,2.491855161500512,6
2019-06,C++,50423,18850,2.6749602122015914,8
2019-06,Go,51251,21859,2.3446177775744546,5
2019-06,Java,105827,44791,2.3626844678618477,3
2019-06,JavaScript,189655,65993,2.873865409967724,2
2019-06,Kotlin,28188,10616,2.655237377543331,12
2019-06,PHP,46987,18063,2.601284393511598,9
2019-06,Python,168421,69973,2.406942677890043,1
2019-06,Ruby,29387,11814,2.4874724902657865,11
2019-06,Rust,33401,19165,1.7428124184711713,7
2019-06,Swift,28578,12304,2.322659297789337,10
2019-06,TypeScript,101658,44424,2.288357644516477,4
2019-07,C#,47491,18303,2.594711249521936,7
2019-07,C++,47604,18057,2.6363183253032063,8
2019-07,Go,52221,20730,2.519102749638205,5
2019-07,Java,110935,41666,2.662482599721596,4
2019-07,JavaScript,199237,78966,2.5230732213864195,1
2019-07,Kotlin,29880,12357,2.4180626365622726,11
2019-07,PHP,43842,18993,2.308324119412415,6
2019-07,Python,156243,64253,2.4316841236985045,2
2019-07,Ruby,28237,13838,2.0405405405405403,10
2019-07,Rust,34893,14642,2.3830760825023902,9
2019-07,Swift,26543,12051,2.202555804497552,12
2019-07,TypeScript,106185,47479,2.236462436024348,3
2019-08,C#,51785,17944,2.885922871154704,7
2019-08,C++,48416,20278,2.3876121905513363,6
2019-08,Go,52350,21597,2.423947770523684,5
2019-08,Java,107481,38735,2.774777333161224,4
2019-08,JavaScript,202883,68072,2.980417792925138,1
2019-08,Kotlin,29061,13934,2.085617913018516,10
2019-08,PHP,43125,17772,2.426569885212694,8
2019-08,Python,152272,62508,2.4360401868560824,2
2019-08,Ruby,29858,12166,2.454216669406543,11
2019-08,Rust,31127,15828,1.9665782158200655,9
2019-08,Swift,27301,11212,2.4349803781662502,12
2019-08,TypeScript,103383,40715,2.5391870318064598,3
2019-09,C#,53560,20898,2.562924681787731,5
2019-09,C++,48238,17941,2.6887018560838305,8
2019-09,Go,53138,19894,2.6710565999798934,7
2019-09,Java,110770,37739,2.9351599141471687,4
2019-09,JavaScript,197073,71487,2.7567669646229382,1
2019-09,Kotlin,29298,13519,2.167172128115985,10
2019-09,PHP,43568,20335,2.142512908777969,6
2019-09,Python,151419,59130,2.56078132927448,2
2019-09,Ruby,27184,10865,2.501978831109066,11
2019-09,Rust,33508,15388,2.1775409409929813,9
2019-09,Swift,26560,9762,2.7207539438639623,12
2019-09,TypeScript,103823,44003,2.359452764584233,3
2019-10,C#,52107,19874,2.6218677669316697,7
2019-10,C++,48444,20574,2.3546223388743077,6
2019-10,Go,51621,20869,2.473573242608654,5
2019-10,Java,100139,43694,2.291824964526022,3
2019-10,JavaScript,198344,65635,3.021924278205226,2
2019-10,Kotlin,30519,11748,2.5978038815117466,10
2019-10,PHP,46524,17071,2.725323648292426,8
2019-10,Python,165431,66935,2.471517143497423,1
2019-10,Ruby,26996,11266,2.3962364636960767,11
2019-10,Rust,35304,15957,2.212445948486557,9
2019-10,Swift,27584,10636,2.593456186536292,12
2019-10,TypeScript,100376,42322,2.3717215632531543,4
2019-11,C#,53100,22428,2.3675762439807384,6
2019-11,C++,50519,19294,2.61837877060226,7
2019-11,Go,57055,24435,2.334970329445468,5
2019-11,Java,101435,36646,2.7679692190143537,4
2019-11,JavaScript,200664,63106,3.1797927296928976,1
2019-11,Kotlin,29639,12113,2.4468752579872866,11
2019-11,PHP,45225,18215,2.4828438100466648,8
2019-11,Python,166090,61017,2.7220282871986496,2
2019-11,Ruby,28964,11753,2.464392070109759,12
2019-11,Rust,33786,14445,2.338940809968848,9
2019-11,Swift,27994,13117,2.134177022184951,10
2019-11,TypeScript,101499,43341,2.341870284488129,3
2019-12,C#,53105,23591,2.251070323428426,5
2019-12,C++,52640,20672,2.546439628482972,7
2019-12,Go,52314,22102,2.3669351189937564,6
2019-12,Java,108584,47090,2.3058823529411763,3
2019-12,JavaScript,207324,69842,2.96847169325048,1
2019-12,Kotlin,28719,11949,2.4034647250815966,10
2019-12,PHP,44166,18147,2.4337907092081337,8
2019-12,Python,164294,65895,2.493269595568708,2
2019-12,Ruby,26749,11499,2.3262022784589966,11
2019-12,Rust,35047,16910,2.0725606150206977,9
2019-12,Swift,28859,11149,2.5884832720423354,12
2019-12,TypeScript,113304,45214,2.505949484672889,4
2020-01,C#,53380,22351,2.3882600331081383,6
2020-01,C++,49406,20541,2.405238303880045,7
2020-01,Go,58047,22390,2.5925413130861994,5
2020-01,Java,113035,40858,2.7665328699397915,4
2020-01,JavaScript,204106,80211,2.5446135816783237,1
2020-01,Kotlin,30410,11129,2.732500673914997,12
2020-01,PHP,39892,17962,2.2209108117136176,8
2020-01,Python,181195,79339,2.2838074591310704,2
2020-01,Ruby,27305,12694,2.1510162281392784,11
2020-01,Rust,36277,17628,2.057919219423644,9
2020-01,Swift,30943,12709,2.4347312927846407,10
2020-01,TypeScript,114230,43875,2.603532763532764,3
2020-02,C#,55425,22077,2.510531322190515,7
2020-02,C++,57190,22118,2.5856768243059958,6
2020-02,Go,54110,22983,2.3543488665535395,5
2020-02,Java,122092,44407,2.7493863580066207,4
2020-02,JavaScript,208440,78581,2.652549598503455,1
2020-02,Kotlin,31302,12809,2.4437504879381686,10
2020-02,PHP,41754,15919,2.62290344870909,8
2020-02,Python,182276,71720,2.541494701617401,2
2020-02,Ruby,28468,10903,2.611024488672842,12
2020-02,Rust,37396,15015,2.4905760905760905,9
2020-02,Swift,28131,11570,2.4313742437337944,11
2020-02,TypeScript,115050,48329,2.3805582569471744,3
2020-03,C#,58781,24547,2.394630708436876,5
2020-03,C++,53444,22418,2.3839771612097422,7
2020-03,Go,58451,24015,2.4339371226316886,6
2020-03,Java,113732,44136,2.576853362334602,4
2020-03,JavaScript,221899,84983,2.6110986903263007,1
2020-03,Kotlin,30416,12512,2.4309462915601023,10
2020-03,PHP,46211,17778,2.599336258296771,9
2020-03,Python,185258,80441,2.3030295496077877,2
2020-03,Ruby,27886,10334,2.698471066382814,12
2020-03,Rust,37732,17946,2.102529811657194,8
2020-03,Swift,28084,11533,2.435099280326021,11
2020-03,TypeScript,119596,53831,2.221693819546358,3
2020-04,C#,53967,19938,2.706740896780018,7
2020-04,C++,56662,22667,2.499757356509463,6
2020-04,Go,62063,23667,2.6223433472767987,5
2020-04,Java,113562,43409,2.616093436844894,4
2020-04,JavaScript,222757,79985,2.784984684628368,1
2020-04,Kotlin,33596,12613,2.6636010465392848,10
2020-04,PHP,47733,18254,2.61493371315876,9
2020-04,Python,185164,74577,2.482856644810062,2
2020-04,Ruby,27363,11426,2.3948013302993174,11
2020-04,Rust,38024,19148,1.9857948610820968,8
2020-04,Swift,30759,10862,2.8317989320567114,12
2020-04,TypeScript,123182,48742,2.5272249805096223,3
2020-05,C#,60578,23920,2.53252508361204,6
2020-05,C++,57298,21863,2.6207748250468828,7
2020-05,Go,63246,25111,2.518657162199833,5
2020-05,Java,115920,46187,2.5097971290622905,4
2020-05,JavaScript,223273,76052,2.935793930468627,1
2020-05,Kotlin,35868,13884,2.583405358686257,11
2020-05,PHP,46313,18513,2.501647490952304,8
2020-05,Python,166669,67919,2.4539377788247765,2
2020-05,Ruby,27919,11574,2.4122170381890444,12
2020-05,Rust,41471,17910,2.315522054718034,9
2020-05,Swift,31547,14062,2.243421988337363,10
2020-05,TypeScript,130327,49068,2.656048748675308,3
2020-06,C#,63054,26602,2.370272911811142,5
2020-06,C++,57313,25396,2.256772720113404,6
2020-06,Go,59744,23047,2.5922679741398014,7
2020-06,Java,115089,44716,2.573776724215046,3
2020-06,JavaScript,221791,78186,2.836709896912491,1
2020-06,Kotlin,34961,14258,2.4520269322485624,10
2020-06,PHP,44674,17369,2.5720536588174334,9
2020-06,Python,192476,76324,2.5218279964362456,2
2020-06,Ruby,26022,10028,2.594934184284005,12
2020-06,Rust,38758,17933,2.1612669380471754,8
2020-06,Swift,31273,11944,2.6183020763563296,11
2020-06,TypeScript,113953,44567,2.556891870666637,4
2020-07,C#,55003,21537,2.5538840135580627,6
2020-07,C++,57188,22812,2.506926179203928,5
2020-07,Go,56690,21002,2.699266736501285,7
2020-07,Java,114822,40785,2.815299742552409,4
2020-07,JavaScript,227662,91610,2.485121711603537,1
2020-07,Kotlin,34359,13579,2.530304146107961,10
2020-07,PHP,41802,15655,2.670201213669754,9
2020-07,Python,178097,67822,2.6259473327238947,2
2020-07,Ruby,25956,9430,2.752492046659597,12
2020-07,Rust,36971,18874,1.958832256013564,8
2020-07,Swift,30360,11831,2.566139802214521,11
2020-07,TypeScript,134693,51340,2.623548889754577,3
2020-08,C#,61150,23802,2.569111839341232,5
2020-08,C++,55100,20799,2.6491658252800616,7
2020-08,Go,59522,23691,2.512430880925246,6
2020-08,Java,123810,47859,2.5869742368206605,4
2020-08,JavaScript,209292,78938,2.651346626466341,1
2020-08,Kotlin,34991,14732,2.3751696986152595,10
2020-08,PHP,39823,15638,2.546553267681289,9
2020-08,Python,182827,69116,2.645219630765669,2
2020-08,Ruby,25374,9357,2.7117665918563643,12
2020-08,Rust,38086,17362,2.193641285566179,8
2020-08,Swift,31869,11285,2.824014178112539,11
2020-08,TypeScript,125989,51403,2.4510048051670137,3
2020-09,C#,60499,23055,2.62411624376491,7
2020-09,C++,55257,24020,2.300457951706911,6
2020-09,Go,55741,24776,2.2497981917985146,5
2020-09,Java,105494,43039,2.451125723181301,4
2020-09,JavaScript,230151,77313,2.976873229599162,2
2020-09,Kotlin,33291,14985,2.2216216216216216,10
2020-09,PHP,39902,16559,2.4096865752762846,9
2020-09,Python,187001,79057,2.365394588714472,1
2020-09,Ruby,25548,9737,2.6238061004416147,12
2020-09,Rust,42148,20648,2.041263076327005,8
2020-09,Swift,30468,12704,2.3982997481108312,11
2020-09,TypeScript,120364,50775,2.370536681437716,3
2020-10,C#,55137,22128,2.491729934924078,6
2020-10,C++,52437,20968,2.500810759252194,7
2020-10,Go,63611,23815,2.6710476590384213,5
2020-10,Java,107236,41031,2.6135361068460434,4
2020-10,JavaScript,222378,83054,2.677511016928745,1
2020-10,Kotlin,34881,13417,2.59976149660878,10
2020-10,PHP,39042,15931,2.4506936162199486,9
2020-10,Python,188453,75573,2.493655141386474,2
2020-10,Ruby,23920,8921,2.6813137540634457,12
2020-10,Rust,39243,18977,2.0679243294514413,8
2020-10,Swift,31696,13139,2.4123601491742144,11
2020-10,TypeScript,132781,58959,2.252090435726522,3
2020-11,C#,61360,24155,2.5402608155661355,6
2020-11,C++,54965,23315,2.357495174780184,7
2020-11,Go,65841,26623,2.473087180257672,5
2020-11,Java,108807,41898,2.5969497350708863,4
2020-11,JavaScript,231930,77491,2.992992734640152,2
2020-11,Kotlin,32481,13268,2.4480705456738017,10
2020-11,PHP,41048,17476,2.3488212405584803,9
2020-11,Python,187247,78808,2.3759897472337834,1
2020-11,Ruby,23356,9096,2.567722075637643,12
2020-11,Rust,44664,22388,1.9949973199928528,8
2020-11,Swift,28482,12461,2.285691357033946,11
2020-11,TypeScript,123806,53546,2.3121428304635265,3
2020-12,C#,59385,22117,2.685038658045847,7
2020-12,C++,55595,22537,2.466832320184585,6
2020-12,Go,65433,24697,2.649431104992509,5
2020-12,Java,114457,49039,2.333999469809743,4
2020-12,JavaScript,227199,74862,3.03490422377174,2
2020-12,Kotlin,34500,15425,2.2366288492706645,10
2020-12,PHP,40592,17825,2.277251051893408,9
2020-12,Python,195288,75801,2.5763248505956384,1
2020-12,Ruby,25468,10627,2.3965371224240144,12
2020-12,Rust,42644,20103,2.1212754315276325,8
2020-12,Swift,32188,13063,2.464058792007961,11
2020-12,TypeScript,131738,53376,2.4681130095923263,3
2021-01,C#,61060,24118,2.5317190480139318,6
2021-01,C++,58235,23542,2.473664089712004,7
2021-01,Go,69478,27139,2.560079590257563,5
2021-01,Java,114005,41831,2.7253711362386746,4
2021-01,JavaScript,248939,85003,2.92859075562039,1
2021-01,Kotlin,36444,14622,2.492408699220353,10
2021-01,PHP,43011,16897,2.545481446410605,9
2021-01,Python,185795,79631,2.3331993821501675,2
2021-01,Ruby,25240,12188,2.070889399409255,11
2021-01,Rust,43429,20849,2.083025564775289,8
2021-01,Swift,31708,12167,2.606065587244185,12
2021-01,TypeScript,132076,51233,2.5779478070774697,3
2021-02,C#,63001,22693,2.7762305556779623,8
2021-02,C++,61169,26476,2.310356549327693,6
2021-02,Go,70059,30138,2.3246068086800715,5
2021-02,Java,122275,49618,2.4643274618082147,4
2021-02,JavaScript,240411,88640,2.712217960288809,1
2021-02,Kotlin,34252,13721,2.4963195102397786,11
2021-02,PHP,42904,15549,2.7592771239307994,9
2021-02,Python,195517,79985,2.44442082890542,2
2021-02,Ruby,23317,10117,2.3047346051200948,12
2021-02,Rust,46622,22959,2.0306633564179624,7
2021-02,Swift,33948,13915,2.439669421487604,10
2021-02,TypeScript,141171,59451,2.374577383054953,3
2021-03,C#,61043,27044,2.257173495045112,5
2021-03,C++,62928,25000,2.51712,6
2021-03,Go,65222,24502,2.661905150599951,7
2021-03,Java,136403,51303,2.6587723914780814,4
2021-03,JavaScript,233701,84217,2.774986047947564,1
2021-03,Kotlin,38508,14739,2.6126602890291064,10
2021-03,PHP,43927,16922,2.595851554189812,9
2021-03,Python,202600,77551,2.612474371703782,2
2021-03,Ruby,22292,9607,2.32039138128448,12
2021-03,Rust,46740,21742,2.1497562321773525,8
2021-03,Swift,33320,12665,2.6308724832214767,11
2021-03,TypeScript,149185,63728,2.3409647250815966,3
2021-04,C#,64493,24964,2.583440153821503,7
2021-04,C++,62195,25590,2.430441578741696,5
2021-04,Go,65120,25340,2.569850039463299,6
2021-04,Java,125754,49590,2.535874168179068,4
2021-04,JavaScript,247287,89488,2.7633537457536206,1
2021-04,Kotlin,40036,15546,2.5753248424031905,10
2021-04,PHP,44596,16361,2.725750259764073,9
2021-04,Python,198302,80107,2.4754640668106407,2
2021-04,Ruby,26083,11106,2.3485503331532507,12
2021-04,Rust,48067,24023,2.0008741622611663,8
2021-04,Swift,36192,13606,2.660002939879465,11
2021-04,TypeScript,151688,54267,2.795216245600457,3
2021-05,C#,63417,25768,2.461075752871779,6
2021-05,C++,61689,23318,2.645552791834634,7
2021-05,Go,72937,27720,2.631204906204906,5
2021-05,Java,125785,46829,2.6860492429904546,4
2021-05,JavaScript,256303,88869,2.884054057095275,1
2021-05,Kotlin,39673,14379,2.759093121913902,11
2021-05,PHP,40346,17011,2.371759449767797,9
2021-05,Python,207754,84405,2.46139446715242,2
2021-05,Ruby,23185,9854,2.3528516338542724,12
2021-05,Rust,45065,21294,2.116323847093078,8
2021-05,Swift,35682,16126,2.2126999875976683,10
2021-05,TypeScript,143267,62196,2.303476107788282,3
2021-06,C#,64905,25947,2.501445253786565,5
2021-06,C++,62311,25099,2.4826088688792383,7
2021-06,Go,69915,25182,2.7763878961162733,6
2021-06,Java,123793,45825,2.7014293507910527,4
2021-06,JavaScript,262328,102117,2.568896461901544,1
2021-06,Kotlin,39907,16890,2.362759029011249,10
2021-06,PHP,39190,17415,2.2503588860178008,9
2021-06,Python,198914,78163,2.544861379425048,2
2021-06,Ruby,22541,8083,2.788692317208957,12
2021-06,Rust,48474,19592,2.474173131890568,8
2021-06,Swift,36443,13767,2.6471271882036755,11
2021-06,TypeScript,143978,64123,2.2453409852938884,3
2021-07,C#,65227,24915,2.6179811358619305,6
2021-07,C++,61884,23384,2.6464249059185767,7
2021-07,Go,71101,28707,2.47678266624865,5
2021-07,Java,124297,49425,2.514860900354072,4
2021-07,JavaScript,263486,97576,2.700315651389686,1
2021-07,Kotlin,38475,16188,2.376760563380281,9
2021-07,PHP,39249,14508,2.705334987593052,10
2021-07,Python,196083,83681,2.343220085802034,2
2021-07,Ruby,21724,8002,2.714821294676331,12
2021-07,Rust,47724,22337,2.136544746384922,8
2021-07,Swift,35022,12799,2.7363075240253143,11
2021-07,TypeScript,141385,61288,2.306895313927685,3
2021-08,C#,60671,25939,2.338987624812059,7
2021-08,C++,63290,28563,2.215803662080314,5
2021-08,Go,66701,26494,2.5175888880501245,6
2021-08,Java,120560,51887,2.323510705957176,4
2021-08,JavaScript,257242,91555,2.809699087979902,1
2021-08,Kotlin,38907,16379,2.3754197447951646,9
2021-08,PHP,37672,16367,2.3017046495998046,10
2021-08,Python,208962,80810,2.5858433362207647,2
2021-08,Ruby,24057,11119,2.163593848367659,12
2021-08,Rust,44117,21846,2.0194543623546646,8
2021-08,Swift,36493,14258,2.5594753822415486,11
2021-08,TypeScript,139669,60768,2.298397182727752,3
2021-09,C#,62077,23453,2.6468682044940945,8
2021-09,C++,60265,23992,2.5118789596532176,6
2021-09,Go,68406,28856,2.370598835597449,5
2021-09,Java,121077,48417,2.5007125596381434,4
2021-09,JavaScript,253151,90868,2.785920235946648,1
2021-09,Kotlin,35799,13492,2.6533501334123923,11
2021-09,PHP,37006,15317,2.4160083567278186,9
2021-09,Python,210841,87831,2.40053056437932,2
2021-09,Ruby,20157,7689,2.6215372610222394,12
2021-09,Rust,44502,23558,1.8890398166228035,7
2021-09,Swift,33787,13964,2.4195789172156976,10
2021-09,TypeScript,148209,66807,2.2184651308994567,3
2021-10,C#,60271,25200,2.3917063492063493,6
2021-10,C++,62119,24517,2.5337113023616267,7
2021-10,Go,67614,29282,2.3090635885526947,5
2021-10,Java,125100,51123,2.447039492987501,4
2021-10,JavaScript,250725,82573,3.036404151478086,1
2021-10,Kotlin,38404,14657,2.6201814832503243,10
2021-10,PHP,38003,15844,2.39857359252714,9
2021-10,Python,210649,75919,2.774654566050659,2
2021-10,Ruby,21505,8947,2.403598971722365,12
2021-10,Rust,42297,18926,2.234862094473212,8
2021-10,Swift,36756,14462,2.5415571843451805,11
2021-10,TypeScript,146466,57735,2.536866718628215,3
2021-11,C#,67703,27297,2.4802359233615414,5
2021-11,C++,65045,25668,2.534089138226585,6
2021-11,Go,68909,25149,2.74002942462921,7
2021-11,Java,118567,45538,2.603693618516404,4
2021-11,JavaScript,245763,80673,3.0464095794131865,1
2021-11,Kotlin,38183,16425,2.32468797564688,9
2021-11,PHP,35902,13761,2.6089673715572994,10
2021-11,Python,214819,79865,2.6897764978401053,2
2021-11,Ruby,17832,6956,2.563542265669925,12
2021-11,Rust,50291,22102,2.275404940729346,8
2021-11,Swift,33907,12975,2.6132562620423894,11
2021-11,TypeScript,156748,66531,2.356014489486104,3
2021-12,C#,68651,24477,2.8047146300608734,8
2021-12,C++,65532,26263,2.4952214141567985,6
2021-12,Go,74877,28210,2.6542715349166963,5
2021-12,Java,116949,41596,2.811544379267237,4
2021-12,JavaScript,265122,94542,2.804277463984261,1
2021-12,Kotlin,40934,16257,2.517930737528449,9
2021-12,PHP,37765,15133,2.49553954932928,10
2021-12,Python,206250,91260,2.260026298487837,2
2021-12,Ruby,21841,8764,2.4921268827019625,12
2021-12,Rust,49575,24634,2.0124624502719817,7
2021-12,Swift,35508,13937,2.547750591949487,11
2021-12,TypeScript,152533,66383,2.297772019944865,3
2022-01,C#,65890,26449,2.491209497523536,6
2022-01,C++,68636,24010,2.8586422324031653,7
2022-01,Go,72708,29955,2.427240861291938,5
2022-01,Java,122470,45424,2.6961518140190206,4
2022-01,JavaScript,254116,89689,2.833301742688624,1
2022-01,Kotlin,40122,15296,2.6230387029288704,11
2022-01,PHP,36627,15797,2.318604798379439,9
2022-01,Python,223670,82609,2.7075742352528174,2
2022-01,Ruby,19551,8197,2.385140905209223,12
2022-01,Rust,48066,19621,2.4497222363793894,8
2022-01,Swift,38511,15719,2.449965010496851,10
2022-01,TypeScript,171930,65023,2.6441413038463315,3
2022-02,C#,66449,27625,2.405393665158371,5
2022-02,C++,64578,24290,2.658624948538493,7
2022-02,Go,68667,26856,2.556858802502234,6
2022-02,Java,137915,50185,2.7481319119258742,4
2022-02,JavaScript,278657,101817,2.7368415883398645,1
2022-02,Kotlin,44354,17323,2.5604110142585004,9
2022-02,PHP,38173,16480,2.316322815533981,10
2022-02,Python,233714,92824,2.5178186675859693,2
2022-02,Ruby,19900,9073,2.193320842058856,12
2022-02,Rust,51230,22032,2.325254175744372,8
2022-02,Swift,36279,15207,2.385677648451371,11
2022-02,TypeScript,149436,64551,2.3150067388576474,3
2022-03,C#,67850,25232,2.6890456563094483,8
2022-03,C++,69611,28044,2.4822065325916416,6
2022-03,Go,77028,32548,2.366597025930933,5
2022-03,Java,136924,55327,2.4748133822545952,4
2022-03,JavaScript,274887,97447,2.8208872515316017,1
2022-03,Kotlin,43994,17099,2.572898999941517,9
2022-03,PHP,37635,14874,2.530254134731747,11
2022-03,Python,235833,94879,2.4856185246471822,2
2022-03,Ruby,19730,8132,2.426217412690605,12
2022-03,Rust,52736,25800,2.044031007751938,7
2022-03,Swift,39207,15205,2.5785596843143703,10
2022-03,TypeScript,156520,65511,2.3892170780479614,3
2022-04,C#,67550,27498,2.456542293985017,6
2022-04,C++,68474,27382,2.5006938864947776,7
2022-04,Go,75460,29726,2.5385184686806164,5
2022-04,Java,137506,46286,2.970790303763557,4
2022-04,JavaScript,287358,96533,2.9767851408326687,2
2022-04,Kotlin,40897,15556,2.6290177423502183,9
2022-04,PHP,37917,13486,2.8115823817292007,11
2022-04,Python,246853,97574,2.5299055076147337,1
2022-04,Ruby,17748,6918,2.5654813529921943,12
2022-04,Rust,50957,25824,1.9732419454770755,8
2022-04,Swift,37829,14945,2.5312144529943126,10
2022-04,TypeScript,157940,65114,2.4255920385784933,3
2022-05,C#,72482,28727,2.5231315487172346,5
2022-05,C++,66197,25023,2.645446189505655,8
2022-05,Go,75389,28070,2.685749910936943,6
2022-05,Java,143029,58963,2.425741566745247,4
2022-05,JavaScript,271791,99579,2.7294007772723163,1
2022-05,Kotlin,43937,15839,2.7739756297746068,10
2022-05,PHP,38334,14517,2.640628228972928,11
2022-05,Python,247349,94737,2.6109017596081783,2
2022-05,Ruby,19319,8048,2.400472166998012,12
2022-05,Rust,51547,26002,1.9824244288900852,7
2022-05,Swift,38736,16625,2.329984962406015,9
2022-05,TypeScript,163351,72145,2.264204033543558,3
2022-06,C#,66933,24406,2.74248135704335,8
2022-06,C++,66544,25428,2.616957684442347,6
2022-06,Go,78606,30909,2.5431427739493357,5
2022-06,Java,140655,53374,2.635271855210402,4
2022-06,JavaScript,296529,113788,2.6059777832460367,1
2022-06,Kotlin,43263,18205,2.3764350453172205,9
2022-06,PHP,36644,15268,2.400052397170553,11
2022-06,Python,224221,94287,2.3780690869366934,2
2022-06,Ruby,17883,6845,2.612563915266618,12
2022-06,Rust,52103,25085,2.0770580027905123,7
2022-06,Swift,38130,16487,2.3127312427973554,10
2022-06,TypeScript,166429,64449,2.5823364210460986,3
2022-07,C#,70268,26123,2.689890135129962,6
2022-07,C++,69122,25987,2.65986839573633,7
2022-07,Go,76172,29516,2.5807019921398564,5
2022-07,Java,132222,52447,2.521059355158541,4
2022-07,JavaScript,287533,102406,2.807774935062399,1
2022-07,Kotlin,43222,17528,2.465883158375171,9
2022-07,PHP,34967,14147,2.4716901109775926,11
2022-07,Python,232521,96623,2.406476718793662,2
2022-07,Ruby,16754,5992,2.7960614152202936,12
2022-07,Rust,52992,20742,2.554816314723749,8
2022-07,Swift,36815,14503,2.538440322691857,10
2022-07,TypeScript,166737,74727,2.231281865992212,3
2022-08,C#,74328,29823,2.492304597123026,6
2022-08,C++,67751,26239,2.5820724875185794,7
2022-08,Go,77250,29904,2.583266452648475,5
2022-08,Java,131550,55239,2.381469613859773,4
2022-08,JavaScript,280225,87549,3.2007789923357204,2
2022-08,Kotlin,41079,17343,2.368621345787926,9
2022-08,PHP,35854,14918,2.403405282209412,11
2022-08,Python,235420,95680,2.4604933110367893,1
2022-08,Ruby,15232,5855,2.601537147736977,12
2022-08,Rust,52021,24183,2.151139230037629,8
2022-08,Swift,36494,15161,2.4070971571796056,10
2022-08,TypeScript,163230,71115,2.2952963509808058,3
2022-09,C#,71940,27631,2.603597408707611,8
2022-09,C++,67164,29267,2.2948713568182595,6
2022-09,Go,79501,33789,2.3528663174405877,5
2022-09,Java,132179,53015,2.493237762897293,4
2022-09,JavaScript,275658,103945,2.6519601712444083,1
2022-09,Kotlin,43372,18967,2.2867084936995834,9
2022-09,PHP,36022,14724,2.4464819342569952,11
2022-09,Python,224123,98502,2.275314206818136,2
2022-09,Ruby,14186,5931,2.3918394874388804,12
2022-09,Rust,53022,27969,1.8957417140405448,7
2022-09,Swift,38312,16119,2.376822383522551,10
2022-09,TypeScript,170763,68724,2.4847651475467085,3
2022-10,C#,65432,24662,2.6531505960587136,8
2022-10,C++,66416,27470,2.4177648343647618,7
2022-10,Go,80783,32233,2.5062203331988955,5
2022-10,Java,125449,46950,2.671970181043664,4
2022-10,JavaScript,286049,99865,2.864356881790417,1
2022-10,Kotlin,41830,15769,2.6526729659458432,9
2022-10,PHP,33529,12867,2.6058133208984224,11
2022-10,Python,226680,92576,2.4485827860352574,2
2022-10,Ruby,14382,5774,2.490820921371666,12
2022-10,Rust,55325,28426,1.9462815732076268,6
2022-10,Swift,39486,15364,2.5700338453527727,10
2022-10,TypeScript,175178,71557,2.4480903335802227,3
2022-11,C#,72756,31109,2.338744414799576,5
2022-11,C++,67281,25577,2.630527426985182,7
2022-11,Go,72950,30054,2.4272975311106677,6
2022-11,Java,137479,54282,2.532681183449394,4
2022-11,JavaScript,268651,92883,2.8923592045907216,2
2022-11,Kotlin,40836,15489,2.6364516753825296,10
2022-11,PHP,34195,12833,2.664614665315982,11
2022-11,Python,251757,110318,2.282102648706467,1
2022-11,Ruby,13050,5054,2.5821131776810446,12
2022-11,Rust,51698,23380,2.211206159110351,8
2022-11,Swift,37793,16239,2.32729847897038,9
2022-11,TypeScript,176433,67174,2.626507279602227,3
2022-12,C#,71367,29700,2.402929292929293,6
2022-12,C++,69597,25338,2.7467440208382667,8
2022-12,Go,77207,32597,2.3685308463969075,5
2022-12,Java,129614,50940,2.5444444444444443,4
2022-12,JavaScript,299702,115749,2.5892405117970783,1
2022-12,Kotlin,45243,17745,2.549619611158073,9
2022-12,PHP,35266,14016,2.516124429223744,11
2022-12,Python,237938,89960,2.6449310804802133,2
2022-12,Ruby,13035,5321,2.4497274948317984,12
2022-12,Rust,54522,28159,1.9362193259703824,7
2022-12,Swift,38745,14131,2.741844172386951,10
2022-12,TypeScript,175890,71753,2.4513260769584546,3
2023-01,C#,72600,26289,2.7616113203240897,7
2023-01,C++,70161,26827,2.6153129310023484,6
2023-01,Go,87750,36313,2.4164899622724643,5
2023-01,Java,120877,48641,2.4850845994120188,4
2023-01,JavaScript,293250,99603,2.944188428059396,2
2023-01,Kotlin,42027,18303,2.2961809539419766,9
2023-01,PHP,34969,14637,2.389082462253194,11
2023-01,Python,263097,120492,2.183522557514192,1
2023-01,Ruby,13666,5069,2.6959952653383312,12
2023-01,Rust,56095,24915,2.251454946819185,8
2023-01,Swift,39136,14707,2.6610457605222004,10
2023-01,TypeScript,183097,78245,2.340047287366605,3
2023-02,C#,73573,24828,2.963307555985178,8
2023-02,C++,75955,29469,2.577454273982829,6
2023-02,Go,83671,32522,2.5727507533362037,5
2023-02,Java,136566,49825,2.740913196186653,4
2023-02,JavaScript,298960,103714,2.8825423761497966,1
2023-02,Kotlin,45453,18750,2.42416,9
2023-02,PHP,35886,15279,2.348713921068133,11
2023-02,Python,252648,89933,2.8092913613467805,2
2023-02,Ruby,13824,5305,2.6058435438265786,12
2023-02,Rust,58027,28536,2.033466498458088,7
2023-02,Swift,42154,16230,2.597288971041281,10
2023-02,TypeScript,188905,74185,2.5464042596212173,3
2023-03,C#,74591,31093,2.398964397131187,6
2023-03,C++,72482,29454,2.46085421334963,7
2023-03,Go,89302,35680,2.502858744394618,5
2023-03,Java,143657,53448,2.687790001496782,4
2023-03,JavaScript,301636,102719,2.936516126519923,2
2023-03,Kotlin,46526,18547,2.508545856472745,9
2023-03,PHP,32318,14576,2.217206366630077,11
2023-03,Python,262722,103328,2.542602198823165,1
2023-03,Ruby,13218,5298,2.4949037372593432,12
2023-03,Rust,57481,28171,2.0404316495687054,8
2023-03,Swift,43247,17595,2.45791418016482,10
2023-03,TypeScript,192429,79858,2.409639610308297,3
2023-04,C#,76433,29130,2.62385856505321,8
2023-04,C++,79198,33288,2.379175678923336,6
2023-04,Go,93812,38318,2.4482488647632965,5
2023-04,Java,135408,51885,2.609771610291992,4
2023-04,JavaScript,311698,108194,2.8809176109580936,2
2023-04,Kotlin,48179,20527,2.347103814488235,9
2023-04,PHP,32698,13585,2.4069193963930804,11
2023-04,Python,272604,115390,2.362457751971575,1
2023-04,Ruby,12912,6164,2.0947436729396496,12
2023-04,Rust,59576,29473,2.0213754962168764,7
2023-04,Swift,43508,17231,2.524984040392316,10
2023-04,TypeScript,178702,72553,2.463054594572244,3
2023-05,C#,80943,31206,2.5938281099788503,6
2023-05,C++,74558,30331,2.458145132043124,7
2023-05,Go,89620,38051,2.3552600457281017,5
2023-05,Java,145153,55854,2.598793282486483,4
2023-05,JavaScript,324285,125768,2.5784380764582404,1
2023-05,Kotlin,48393,17396,2.7818464014716024,9
2023-05,PHP,35013,13817,2.5340522544691324,11
2023-05,Python,248501,103009,2.4124202739566445,2
2023-05,Ruby,11945,4859,2.458324758180696,12
2023-05,Rust,62026,28866,2.148756322316913,8
2023-05,Swift,41497,17292,2.3997802452000925,10
2023-05,TypeScript,187430,81182,2.3087630262866154,3
2023-06,C#,73138,28571,2.55986839802597,8
2023-06,C++,75102,28624,2.6237423141419787,7
2023-06,Go,84007,35104,2.393089106654512,5
2023-06,Java,139900,60268,2.3212982013672265,4
2023-06,JavaScript,320972,120466,2.664419836302359,1
2023-06,Kotlin,49186,18870,2.6065712771595124,9
2023-06,PHP,32021,14089,2.27276598764994,11
2023-06,Python,270706,109999,2.460986008963718,2
2023-06,Ruby,10386,3907,2.6583056053237777,12
2023-06,Rust,58233,30442,1.9129163655475987,6
2023-06,Swift,44190,16065,2.750700280112045,10
2023-06,TypeScript,186866,80343,2.325852905666953,3
2023-07,C#,77863,26645,2.922236817414149,8
2023-07,C++,74963,29324,2.556370208702769,6
2023-07,Go,83781,32763,2.55718340811281,5
2023-07,Java,126765,45935,2.759660389681071,4
2023-07,JavaScript,330346,117930,2.8012041041295683,1
2023-07,Kotlin,48303,21380,2.2592609915809168,9
2023-07,PHP,32311,11616,2.78159435261708,11
2023-07,Python,265633,106993,2.4827138223995964,2
2023-07,Ruby,10417,4039,2.5791037385491458,12
2023-07,Rust,63119,28446,2.218905997328271,7
2023-07,Swift,45047,16619,2.7105722365966667,10
2023-07,TypeScript,175940,78083,2.253243343621531,3
2023-08,C#,73733,30477,2.419299799849066,6
2023-08,C++,74433,29840,2.494403485254692,7
2023-08,Go,85152,37631,2.262815232122452,5
2023-08,Java,127713,50344,2.5368067694263465,4
2023-08,JavaScript,314867,106162,2.9659105894764606,2
2023-08,Kotlin,47307,17396,2.719418257070591,10
2023-08,PHP,33353,11949,2.791279604987865,11
2023-08,Python,263686,107597,2.450681710456611,1
2023-08,Ruby,10260,3937,2.6060452120904243,12
2023-08,Rust,59891,27122,2.2082073593392817,8
2023-08,Swift,41308,17406,2.3732046420774444,9
2023-08,TypeScript,192282,75499,2.5468151896051605,3
2023-09,C#,75229,28235,2.664388170710112,7
2023-09,C++,69359,26856,2.582625856419422,8
2023-09,Go,81631,35435,2.3036827994920275,5
2023-09,Java,131366,55470,2.3682350820263207,4
2023-09,JavaScript,320589,106396,3.0131677882627166,1
2023-09,Kotlin,49604,18573,2.6707586281160824,9
2023-09,PHP,30592,14037,2.1793830590582037,11
2023-09,Python,253790,96115,2.640482755033033,2
2023-09,Ruby,8307,3205,2.5918876755070204,12
2023-09,Rust,64734,31324,2.0665943046865025,6
2023-09,Swift,38593,15420,2.5027885862516213,10
2023-09,TypeScript,194849,82755,2.3545284272853606,3
2023-10,C#,75758,28582,2.650549296760199,6
2023-10,C++,74998,28174,2.661957833463477,7
2023-10,Go,87351,35432,2.4653138405960715,5
2023-10,Java,134387,47720,2.8161567476948868,4
2023-10,JavaScript,304094,110270,2.7577219552008705,1
2023-10,Kotlin,43901,16915,2.595388708247118,10
2023-10,PHP,28956,11754,2.4635017866258293,11
2023-10,Python,270572,106683,2.5362241406784585,2
2023-10,Ruby,8058,3112,2.589331619537275,12
2023-10,Rust,58029,25248,2.298360266159696,8
2023-10,Swift,39318,16936,2.321563533301842,9
2023-10,TypeScript,197170,82369,2.393740363486263,3
2023-11,C#,75212,31457,2.3909463712369265,6
2023-11,C++,69613,27777,2.5061381718688125,7
2023-11,Go,87827,35801,2.453199631295216,5
2023-11,Java,129143,49634,2.6019059515654592,4
2023-11,JavaScript,312946,109155,2.8669873116210893,2
2023-11,Kotlin,47177,18445,2.557712117104906,9
2023-11,PHP,27883,11805,2.361965268953833,11
2023-11,Python,284038,114026,2.4909932822338763,1
2023-11,Ruby,7016,3101,2.2624959690422446,12
2023-11,Rust,61847,26484,2.3352590243165685,8
2023-11,Swift,40834,17742,2.301544358020516,10
2023-11,TypeScript,193976,77636,2.4985316090473493,3
2023-12,C#,80685,32798,2.460058540154888,6
2023-12,C++,76989,32043,2.402677651905252,7
2023-12,Go,91755,33477,2.7408369925620577,5
2023-12,Java,144313,56002,2.5769258240777115,4
2023-12,JavaScript,302309,106953,2.8265593297990708,2
2023-12,Kotlin,50170,21003,2.388706375279722,9
2023-12,PHP,30364,12726,2.385981455288386,11
2023-12,Python,277543,108720,2.5528237674760854,1
2023-12,Ruby,6717,2527,2.6580925999208547,12
2023-12,Rust,61040,27932,2.185307174566805,8
2023-12,Swift,41873,18030,2.32240709927898,10
2023-12,TypeScript,198386,80622,2.460693111061497,3
2024-01,C#,77408,30077,2.57366093692855,8
2024-01,C++,79080,30095,2.627679016447915,7
2024-01,Go,94128,36080,2.608869179600887,5
2024-01,Java,143639,53050,2.7076154571159283,4
2024-01,JavaScript,339334,112840,3.0072137539879478,1
2024-01,Kotlin,46980,19503,2.408860175357637,10
2024-01,PHP,30061,11767,2.554686836066967,11
2024-01,Python,265873,96628,2.751510949207269,2
2024-01,Ruby,6349,2425,2.618144329896907,12
2024-01,Rust,63465,30378,2.0891763776417145,6
2024-01,Swift,43997,19860,2.2153575025176235,9
2024-01,TypeScript,202279,91057,2.221454693214141,3
2024-02,C#,81370,29373,2.770231164675041,8
2024-02,C++,86124,33547,2.567263838793335,7
2024-02,Go,93553,38286,2.443530272162148,5
2024-02,Java,143776,55457,2.5925672142380582,4
2024-02,JavaScript,333674,124502,2.680069396475558,1
2024-02,Kotlin,48107,21536,2.233794576523031,9
2024-02,PHP,29307,12031,2.435957110797108,11
2024-02,Python,290043,119954,2.417951881554596,2
2024-02,Ruby,5964,2075,2.87421686746988,12
2024-02,Rust,69644,34574,2.0143460403771623,6
2024-02,Swift,45470,16782,2.7094506018353,10
2024-02,TypeScript,196315,75444,2.602128731244367,3
2024-03,C#,79457,29662,2.67874721866361,8
2024-03,C++,82005,34242,2.3948659540914665,5
2024-03,Go,86885,34042,2.5522883496856825,6
2024-03,Java,132620,57112,2.322103936125508,4
2024-03,JavaScript,341609,125911,2.713098934961997,2
2024-03,Kotlin,51313,21674,2.367491003045123,9
2024-03,PHP,29006,11378,2.549305677623484,11
2024-03,Python,314319,129323,2.4304957354840204,1
2024-03,Ruby,5595,2274,2.4604221635883907,12
2024-03,Rust,64058,31935,2.0058869578832,7
2024-03,Swift,43710,16445,2.6579507449072666,10
2024-03,TypeScript,218151,86250,2.529286956521739,3
2024-04,C#,85837,37869,2.2666825107607806,6
2024-04,C++,83941,30527,2.7497297474366955,8
2024-04,Go,98080,39445,2.486500190138167,5
2024-04,Java,144236,54726,2.635602821328071,4
2024-04,JavaScript,339393,122947,2.760482158979072,1
2024-04,Kotlin,51194,18866,2.7135587829958654,9
2024-04,PHP,27372,11131,2.4590782499326207,11
2024-04,Python,316249,117109,2.7004670862188216,2
2024-04,Ruby,4946,2058,2.4033041788143827,12
2024-04,Rust,65876,35070,1.8784145993726835,7
2024-04,Swift,44067,18052,2.441114557943718,10
2024-04,TypeScript,203239,92461,2.198105147034966,3
2024-05,C#,83877,33894,2.474685785094707,7
2024-05,C++,83342,36832,2.2627606429192006,6
2024-05,Go,96546,38596,2.50145092755726,5
2024-05,Java,150244,59254,2.535592533837378,4
2024-05,JavaScript,359307,128221,2.802247681737001,1
2024-05,Kotlin,49348,19177,2.57329092141628,9
2024-05,PHP,26729,11933,2.239922902874382,11
2024-05,Python,287952,112465,2.560369892855555,2
2024-05,Ruby,4016,1719,2.336242001163467,12
2024-05,Rust,71038,33500,2.120537313432836,8
2024-05,Swift,45905,17799,2.5790774762627118,10
2024-05,TypeScript,210411,85979,2.4472371160399637,3
2024-06,C#,80052,27661,2.89403853801381,8
2024-06,C++,85149,31507,2.702542292189037,7
2024-06,Go,94288,36156,2.6078105985175357,6
2024-06,Java,137356,56803,2.418111719451437,4
2024-06,JavaScript,362091,137027,2.642479219423909,1
2024-06,Kotlin,53125,19731,2.692463635902894,9
2024-06,PHP,26245,11879,2.2093610573280578,11
2024-06,Python,273375,107620,2.5401876974540047,2
2024-06,Ruby,3357,1349,2.4885100074128985,12
2024-06,Rust,69548,36572,1.901673411352948,5
2024-06,Swift,46302,19442,2.3815451085279293,10
2024-06,TypeScript,232010,94155,2.464128299081302,3
2024-07,C#,83882,33851,2.4779770169271216,6
2024-07,C++,80459,32028,2.5121456225802423,7
2024-07,Go,95023,39879,2.382782918327942,5
2024-07,Java,138951,52030,2.670593888141457,4
2024-07,JavaScript,350273,126056,2.7787094624611286,1
2024-07,Kotlin,53046,20654,2.5683160646848067,9
2024-07,PHP,26874,10275,2.6154744525547446,11
2024-07,Python,296659,120678,2.458269112845755,2
2024-07,Ruby,2561,1080,2.3712962962962965,12
2024-07,Rust,68200,31475,2.166799046862589,8
2024-07,Swift,48545,19096,2.542155425219941,10
2024-07,TypeScript,206566,82618,2.500254181897408,3
2024-08,C#,79201,32636,2.4267986272827557,7
2024-08,C++,83206,30459,2.7317377458222527,8
2024-08,Go,94072,39212,2.3990615117821075,5
2024-08,Java,141540,54216,2.6106684373616647,4
2024-08,JavaScript,344373,106722,3.2268229605891943,2
2024-08,Kotlin,49341,21990,2.243792633015006,9
2024-08,PHP,24524,10842,2.261944290721269,11
2024-08,Python,293412,120064,2.4437966417910446,1
2024-08,Ruby,1865,767,2.4315514993481093,12
2024-08,Rust,66204,33329,1.986378229169792,6
2024-08,Swift,46151,17786,2.594793657933206,10
2024-08,TypeScript,215011,92158,2.333069294038499,3
2024-09,C#,75946,31210,2.4333867350208265,6
2024-09,C++,81517,31185,2.6139810806477475,7
2024-09,Go,91440,35922,2.545515283113412,5
2024-09,Java,124918,46969,2.659583980923588,4
2024-09,JavaScript,379876,137130,2.7701888718734047,1
2024-09,Kotlin,49781,18865,2.6388020143122186,9
2024-09,PHP,23113,9281,2.490356642603168,11
2024-09,Python,280291,121378,2.3092405543014385,2
2024-09,Ruby,1094,422,2.5924170616113744,12
2024-09,Rust,66900,29400,2.2755102040816326,8
2024-09,Swift,43380,16899,2.5670157997514647,10
2024-09,TypeScript,214132,100437,2.1320031462508835,3
2024-10,C#,80615,29063,2.7738017410453155,8
2024-10,C++,80379,34681,2.3176667339465413,6
2024-10,Go,98887,40352,2.4506096352101507,5
2024-10,Java,132813,54028,2.4582253646257497,4
2024-10,JavaScript,357510,125166,2.85628685106179,2
2024-10,Kotlin,51027,21012,2.42846944603084,9
2024-10,PHP,22253,8041,2.7674418604651163,11
2024-10,Python,301513,135686,2.222137877157555,1
2024-10,Ruby,442,176,2.511363636363636,12
2024-10,Rust,67457,33294,2.0261007989427524,7
2024-10,Swift,41806,15300,2.732418300653595,10
2024-10,TypeScript,201270,77329,2.6027751555044034,3
2024-11,C#,76025,30591,2.48520806773234,7
2024-11,C++,77600,30306,2.560549066191513,8
2024-11,Go,101175,39830,2.5401707255837307,5
2024-11,Java,130639,52778,2.4752548410322484,4
2024-11,JavaScript,346530,117569,2.947460640134729,2
2024-11,Kotlin,52154,21173,2.463231474047136,9
2024-11,PHP,22817,9296,2.4544965576592084,11
2024-11,Python,312464,148352,2.106233822260569,1
2024-11,Rust,66212,32762,2.0209999389536657,6
2024-11,Swift,47039,17602,2.67236677650267,10
2024-11,TypeScript,218812,90274,2.423865121740479,3
2024-12,C#,80176,28415,2.821608305472462,8
2024-12,C++,84461,34148,2.473380578657608,6
2024-12,Go,103217,43299,2.383819487747985,5
2024-12,Java,139648,57439,2.4312400981911244,4
2024-12,JavaScript,339043,119606,2.834665485009113,2
2024-12,Kotlin,52091,20137,2.5868302130406717,9
2024-12,PHP,22314,8219,2.714928823457841,11
2024-12,Python,304683,120176,2.535306550392757,1
2024-12,Rust,67478,31498,2.142294748872944,7
2024-12,Swift,48308,19484,2.479367686306713,10
2024-12,TypeScript,236076,104695,2.2548927838005635,3
