quarter,language,push_events,unique_actors
2012-01-01,C,29527.259672385258,4733
2012-01-01,C#,7897.2682816114338,987
2012-01-01,C++,31228.609232848772,3607
2012-01-01,Dart,46.890334448219072,18
2012-01-01,Go,2690.8540843249857,299
2012-01-01,Haskell,5665.3087126248083,488
2012-01-01,Java,44908.040173167887,3544
2012-01-01,JavaScript,61325.682373900643,8992
2012-01-01,Julia,2.5912476420998969,18
2012-01-01,Kotlin,302.06346266548013,69
2012-01-01,Lua,1868.0947416433617,491
2012-01-01,Objective-C,7547.7731503511131,1924
2012-01-01,PHP,39225.3804251284,3503
2012-01-01,Perl,4192.5785953346685,2551
2012-01-01,Python,59875.320535509636,6600
2012-01-01,R,232.86494178861156,284
2012-01-01,Ruby,56333.3237994776,6068
2012-01-01,Rust,369.59200162951623,119
2012-01-01,Scala,4939.17668894806,444
2012-01-01,Swift,132.53236443617658,79
2012-01-01,TypeScript,1433.4345353302281,200
2012-04-01,C,9970.02421822015,0
2012-04-01,C#,3154.901198035217,0
2012-04-01,C++,14520.321936213195,0
2012-04-01,Dart,29.58790849380545,0
2012-04-01,Go,421.70944002763235,0
2012-04-01,Haskell,1243.7231900299023,0
2012-04-01,Java,24847.375116796131,0
2012-04-01,JavaScript,33883.930498064743,0
2012-04-01,Julia,0.62970762556909832,0
2012-04-01,Kotlin,95.0464185039393,0
2012-04-01,Lua,617.79410579017087,0
2012-04-01,Objective-C,2449.191366298805,0
2012-04-01,PHP,22239.104085446186,0
2012-04-01,Perl,1994.5193202583791,0
2012-04-01,Python,31458.738116771648,0
2012-04-01,R,48.480071621682988,0
2012-04-01,Ruby,28534.740155880714,0
2012-04-01,Rust,21.517776036465595,0
2012-04-01,Scala,2845.1432154519534,0
2012-04-01,Swift,19.918583028327348,0
2012-04-01,TypeScript,868.26257790477678,0
2012-07-01,C,10685.487415803405,0
2012-07-01,C#,3849.263160090266,0
2012-07-01,C++,16598.538800378417,0
2012-07-01,Dart,18.859539077224369,0
2012-07-01,Go,916.93697821772685,0
2012-07-01,Haskell,1280.9264339890942,0
2012-07-01,Java,29262.276551358562,0
2012-07-01,JavaScript,41229.488320549019,0
2012-07-01,Julia,0.4949199420856813,0
2012-07-01,Kotlin,224.76952773384846,0
2012-07-01,Lua,1008.1466788548184,0
2012-07-01,Objective-C,2629.8708851981805,0
2012-07-01,PHP,26846.895554180013,0
2012-07-01,Perl,2071.0944355837341,0
2012-07-01,Python,39077.65567626791,0
2012-07-01,R,59.51852791343876,0
2012-07-01,Ruby,30854.708596379616,0
2012-07-01,Rust,90.576922604072109,0
2012-07-01,Scala,2998.079251010482,0
2012-07-01,Swift,53.85002305736144,0
2012-07-01,TypeScript,760.64661593467588,0
2012-10-01,C,14493.837041296685,0
2012-10-01,C#,3566.0897963601751,0
2012-10-01,C++,16236.247396624236,0
2012-10-01,Dart,98.386120800122654,0
2012-10-01,Go,1583.5070971451332,0
2012-10-01,Haskell,1383.8542370646612,0
2012-10-01,Java,37389.517086970722,0
2012-10-01,JavaScript,44575.676455410678,0
2012-10-01,Julia,17.289697426202913,0
2012-10-01,Kotlin,404.42857180381492,0
2012-10-01,Lua,686.93361401793618,0
2012-10-01,Objective-C,3369.7478615647155,0
2012-10-01,PHP,30506.461395305039,0
2012-10-01,Perl,2526.5491183528097,0
2012-10-01,Python,42497.309518760194,0
2012-10-01,R,64.431592154432892,0
2012-10-01,Ruby,34925.261878591205,0
2012-10-01,Rust,40.327041027202526,0
2012-10-01,Scala,3105.0509878674552,0
2012-10-01,Swift,264.90620612031267,0
2012-10-01,TypeScript,1007.2777227172207,0
2013-01-01,C,18363.264028539903,0
2013-01-01,C#,6623.2378821286084,0
2013-01-01,C++,22424.564924523591,0
2013-01-01,Dart,1384.3873682465883,0
2013-01-01,Go,2123.312946966309,0
2013-01-01,Haskell,2156.4748641650308,0
2013-01-01,Java,57596.335357958269,0
2013-01-01,JavaScript,61437.539704457333,0
2013-01-01,Julia,65.010520768503511,0
2013-01-01,Kotlin,391.07918079630741,0
2013-01-01,Lua,803.59147170066581,0
2013-01-01,Objective-C,4355.4231954394218,0
2013-01-01,PHP,41958.588569932879,0
2013-01-01,Perl,3506.9299201754548,0
2013-01-01,Python,57053.331072579836,0
2013-01-01,R,152.40109174588676,0
2013-01-01,Ruby,45743.606092174,0
2013-01-01,Rust,49.194531749818417,0
2013-01-01,Scala,4060.4814852650475,0
2013-01-01,Swift,194.37250836700656,0
2013-01-01,TypeScript,1568.7567499651771,0
2013-04-01,C,21081.368273671036,0
2013-04-01,C#,7745.9156596485109,0
2013-04-01,C++,26516.99955388044,0
2013-04-01,Dart,504.43801622427657,0
2013-04-01,Go,3180.7863463250937,0
2013-04-01,Haskell,1750.415368760513,0
2013-04-01,Java,59314.624243196435,0
2013-04-01,JavaScript,71663.0921994257,0
2013-04-01,Julia,51.546060240587266,0
2013-04-01,Kotlin,662.16624426391127,0
2013-04-01,Lua,1071.2511584682907,0
2013-04-01,Objective-C,4772.3075324968349,0
2013-04-01,PHP,47886.379337837912,0
2013-04-01,Perl,4687.4333499278737,0
2013-04-01,Python,65870.401232219883,0
2013-04-01,R,444.26049846957807,0
2013-04-01,Ruby,49193.536715719609,0
2013-04-01,Rust,52.56765698689577,0
2013-04-01,Scala,4767.1000256871221,0
2013-04-01,Swift,165.49343301672405,0
2013-04-01,TypeScript,1804.2027760146664,0
2013-07-01,C,26077.917003853763,0
2013-07-01,C#,9682.74088793713,0
2013-07-01,C++,30802.163811685834,0
2013-07-01,Dart,347.17892182567664,0
2013-07-01,Go,4562.6678314729943,0
2013-07-01,Haskell,2004.9233341308354,0
2013-07-01,Java,74409.369890459639,0
2013-07-01,JavaScript,95797.870811029439,0
2013-07-01,Julia,296.8057233911145,0
2013-07-01,Kotlin,1158.1881892828924,0
2013-07-01,Lua,1217.0305286201803,0
2013-07-01,Objective-C,7368.697612659571,0
2013-07-01,PHP,56219.859756818216,0
2013-07-01,Perl,5719.7569290547635,0
2013-07-01,Python,81515.787998441112,0
2013-07-01,R,632.25296235766041,0
2013-07-01,Ruby,57649.160087449527,0
2013-07-01,Rust,101.22024966536135,0
2013-07-01,Scala,5352.1791235748206,0
2013-07-01,Swift,363.09314155990347,0
2013-07-01,TypeScript,3078.7724762421262,0
2013-10-01,C,30555.228662304064,0
2013-10-01,C#,12140.313155650052,0
2013-10-01,C++,38061.487053423392,0
2013-10-01,Dart,927.56915109159172,0
2013-10-01,Go,7279.6547104182964,0
2013-10-01,Haskell,2259.1223637366488,0
2013-10-01,Java,92410.6623625911,0
2013-10-01,JavaScript,117639.04386244313,0
2013-10-01,Julia,312.8745147793565,0
2013-10-01,Kotlin,1187.9255486462785,0
2013-10-01,Lua,1134.917307880231,0
2013-10-01,Objective-C,9782.8692482328916,0
2013-10-01,PHP,64114.718894384168,0
2013-10-01,Perl,5209.2451984767486,0
2013-10-01,Python,94061.4347714817,0
2013-10-01,R,830.20270775631741,0
2013-10-01,Ruby,61277.571692911937,0
2013-10-01,Rust,286.32258926515033,0
2013-10-01,Scala,6657.149929424374,0
2013-10-01,Swift,1079.405237959513,0
2013-10-01,TypeScript,3276.3763451180748,0
2014-01-01,C,39482.574808059064,0
2014-01-01,C#,14929.853096686569,0
2014-01-01,C++,46528.378245306754,0
2014-01-01,Dart,846.087117922056,0
2014-01-01,Go,10361.252003721265,0
2014-01-01,Haskell,2936.6929907885233,0
2014-01-01,Java,120193.13670086474,0
2014-01-01,JavaScript,157656.67662774608,0
2014-01-01,Julia,363.95172743563609,0
2014-01-01,Kotlin,2361.4792182937,0
2014-01-01,Lua,1907.2039290444166,0
2014-01-01,Objective-C,11937.841804226011,0
2014-01-01,PHP,85012.420808304858,0
2014-01-01,Perl,7396.48960331068,0
2014-01-01,Python,122375.55271117619,0
2014-01-01,R,1687.7918336483192,0
2014-01-01,Ruby,73691.0472914403,0
2014-01-01,Rust,493.2190464222968,0
2014-01-01,Scala,9037.0819297126382,0
2014-01-01,Swift,778.22605157657188,0
2014-01-01,TypeScript,5168.1559667705451,0
2014-04-01,C,41635.059511676292,0
2014-04-01,C#,19361.83374625941,0
2014-04-01,C++,53644.74770556327,0
2014-04-01,Dart,923.61114439845289,0
2014-04-01,Go,15784.621003203298,0
2014-04-01,Haskell,5363.2365753403783,0
2014-04-01,Java,132946.80736460857,0
2014-04-01,JavaScript,188770.95287766311,0
2014-04-01,Julia,254.80197861678124,0
2014-04-01,Kotlin,2915.5120103496315,0
2014-04-01,Lua,3563.8336088641081,0
2014-04-01,Objective-C,12952.681672765879,0
2014-04-01,PHP,95667.635760315636,0
2014-04-01,Perl,8012.3120122526843,0
2014-04-01,Python,135683.765091061,0
2014-04-01,R,2511.4691454556328,0
2014-04-01,Ruby,82407.511532036428,0
2014-04-01,Rust,1384.2389345760159,0
2014-04-01,Scala,11348.033263268057,0
2014-04-01,Swift,1109.3385939110383,0
2014-04-01,TypeScript,6761.6164232269493,0
2014-07-01,C,46659.704925456026,0
2014-07-01,C#,23097.046740242902,0
2014-07-01,C++,60861.17544957174,0
2014-07-01,Dart,1417.407938280704,0
2014-07-01,Go,22565.669181742109,0
2014-07-01,Haskell,5465.5038038052262,0
2014-07-01,Java,143153.00868659411,0
2014-07-01,JavaScript,221625.27438036498,0
2014-07-01,Julia,665.10679768463342,0
2014-07-01,Kotlin,2741.2936845903514,0
2014-07-01,Lua,4721.9301939517354,0
2014-07-01,Objective-C,13384.316786112504,0
2014-07-01,PHP,104934.68463408345,0
2014-07-01,Perl,7834.2161766749769,0
2014-07-01,Python,149969.00897809697,0
2014-07-01,R,2012.0273778416627,0
2014-07-01,Ruby,89020.488054984133,0
2014-07-01,Rust,3837.1951307388454,0
2014-07-01,Scala,14692.453211653186,0
2014-07-01,Swift,3342.3675523258144,0
2014-07-01,TypeScript,8925.1939049606226,0
2014-10-01,C,50919.375597133934,0
2014-10-01,C#,28421.580229114748,0
2014-10-01,C++,67233.431913946435,0
2014-10-01,Dart,1081.3078831885064,0
2014-10-01,Go,27199.135122843152,0
2014-10-01,Haskell,5864.240381145496,0
2014-10-01,Java,166689.56008939398,0
2014-10-01,JavaScript,246926.13740109856,0
2014-10-01,Julia,835.18974185931972,0
2014-10-01,Kotlin,3985.3518364464662,0
2014-10-01,Lua,4574.6551434100929,0
2014-10-01,Objective-C,14168.709005527646,0
2014-10-01,PHP,121412.19722406393,0
2014-10-01,Perl,8293.224517599383,0
2014-10-01,Python,165575.58377550004,0
2014-10-01,R,2449.2461842856678,0
2014-10-01,Ruby,93694.5319090765,0
2014-10-01,Rust,4728.4239725751768,0
2014-10-01,Scala,15877.054137859202,0
2014-10-01,Swift,4548.3527484442284,0
2014-10-01,TypeScript,13981.160088361778,0
2015-01-01,C,210802.44985798848,31759
2015-01-01,C#,147622.22184952218,13384
2015-01-01,C++,269114.33361713897,29990
2015-01-01,Dart,7814.5054413986372,556
2015-01-01,Go,124501.77245311206,7238
2015-01-01,Haskell,33429.0914570451,2803
2015-01-01,Java,514562.85611984337,36703
2015-01-01,JavaScript,869478.31012011808,96554
2015-01-01,Julia,7275.3112109127187,486
2015-01-01,Kotlin,7224.4245916356376,961
2015-01-01,Lua,26488.229358707311,4193
2015-01-01,Objective-C,58806.425073441969,14062
2015-01-01,PHP,373775.04656961671,32170
2015-01-01,Perl,29889.184413351279,12848
2015-01-01,Python,567957.52801169676,55427
2015-01-01,R,17818.109241856182,3933
2015-01-01,Ruby,261162.37146718756,36540
2015-01-01,Rust,33811.752598234976,1465
2015-01-01,Scala,44461.681050733627,4310
2015-01-01,Swift,26153.129661903076,2922
2015-01-01,TypeScript,31718.179010016967,3438
2015-04-01,C,236441.81509090096,36206
2015-04-01,C#,166947.26076905208,15334
2015-04-01,C++,302464.51798136771,34437
2015-04-01,Dart,8823.1159810609224,675
2015-04-01,Go,153656.60684402951,8598
2015-04-01,Haskell,35448.828891481993,3066
2015-04-01,Java,595188.75971867621,42709
2015-04-01,JavaScript,996608.12628592656,111604
2015-04-01,Julia,8199.0595594236638,617
2015-04-01,Kotlin,8674.8693291847685,1166
2015-04-01,Lua,27955.18576111794,4823
2015-04-01,Objective-C,70358.542490109772,16618
2015-04-01,PHP,400331.08690457838,36179
2015-04-01,Perl,30557.608806897129,13907
2015-04-01,Python,646879.29783477215,64107
2015-04-01,R,22610.204877164295,4475
2015-04-01,Ruby,272758.36292745225,40895
2015-04-01,Rust,38938.008825178833,1909
2015-04-01,Scala,52975.883217649316,4710
2015-04-01,Swift,36923.978265845355,3903
2015-04-01,TypeScript,44169.543474773738,4494
2015-07-01,C,244359.67603122702,41731
2015-07-01,C#,187689.03205266391,17653
2015-07-01,C++,324179.37423491717,39534
2015-07-01,Dart,8782.5252982796628,726
2015-07-01,Go,185475.63573091192,11131
2015-07-01,Haskell,37459.67076349134,3306
2015-07-01,Java,610607.95109567209,46828
2015-07-01,JavaScript,1162571.0566076061,130390
2015-07-01,Julia,13413.271131665982,787
2015-07-01,Kotlin,10572.097229484887,1394
2015-07-01,Lua,29815.906656324514,5733
2015-07-01,Objective-C,81105.821963271927,20955
2015-07-01,PHP,425956.01982701663,41044
2015-07-01,Perl,31189.873772042803,15766
2015-07-01,Python,726935.54328196915,74368
2015-07-01,R,25090.483970963985,5089
2015-07-01,Ruby,295153.23051816784,49336
2015-07-01,Rust,39610.158265140424,2259
2015-07-01,Scala,57510.460596372424,5310
2015-07-01,Swift,51498.825720163884,5418
2015-07-01,TypeScript,56682.97964896122,5880
2015-10-01,C,254966.38544626813,40835
2015-10-01,C#,249834.01182255271,18101
2015-10-01,C++,354301.23554922594,39272
2015-10-01,Dart,8720.1460001734067,728
2015-10-01,Go,182013.34580368898,10801
2015-10-01,Haskell,36770.313287069774,3278
2015-10-01,Java,666847.4343508957,48418
2015-10-01,JavaScript,1213609.6901443107,130375
2015-10-01,Julia,13184.561937727529,871
2015-10-01,Kotlin,16188.634955460702,1760
2015-10-01,Lua,32588.431492798285,5804
2015-10-01,Objective-C,81250.320625855136,20382
2015-10-01,PHP,447589.84520641819,41269
2015-10-01,Perl,31839.777237756669,14781
2015-10-01,Python,764460.869027111,73927
2015-10-01,R,25478.241844794233,5253
2015-10-01,Ruby,285392.88860149053,45361
2015-10-01,Rust,38176.54093494048,2285
2015-10-01,Scala,56995.896423573533,5171
2015-10-01,Swift,63397.804489377588,6151
2015-10-01,TypeScript,72873.9387273024,6539